Facility,WWTP,Date,Lab,Target_Name,Received_WW_vol,Filtered_WW_vol,Copies_per_uL_RNA,PoissonConfMax_per_uL_RNA,PoissonConfMin_per_uL_RNA,Copies_Per_Liter_WW,Ct,AcceptedDroplets,PositiveDroplets,Sample_ID,Detection_Limit,Positivity,Sample_Type,Surrogate_virus_input_per.L.WW,Percentage_recovery_BCoV,Comments,Well Position,PoissonConfMax_Per_Liter_WW,PoissonConfMin_Per_Liter_WW
0621/Blank,Blank,06/21/21,R,L452R,,,0,0.47,0,,,16415,0,0621.Blank-3,,Negative,Composite,,,,C1,,
0621/Blank,Blank,06/21/21,R,E484Q,,,0,0.47,0,,,16415,0,0621.Blank-3,,Negative,Composite,,,,C1,,
0621/Blank,Blank,06/21/21,R,L452wt,,,0,0.47,0,,,16415,0,0621.Blank-3,,Negative,Composite,,,,C1,,
0621/Blank,Blank,06/21/21,R,E484wt,,,0,0.47,0,,,16415,0,0621.Blank-3,,Negative,Composite,,,,C1,,
0621/Blank,Blank,06/21/21,R,L452R,,,0,0.46,0,,,16834,0,0621.Blank-4,,Negative,Composite,,,,D1,,
0621/Blank,Blank,06/21/21,R,E484Q,,,0,0.46,0,,,16834,0,0621.Blank-4,,Negative,Composite,,,,D1,,
0621/Blank,Blank,06/21/21,R,L452wt,,,0,0.46,0,,,16834,0,0621.Blank-4,,Negative,Composite,,,,D1,,
0621/Blank,Blank,06/21/21,R,E484wt,,,0,0.46,0,,,16834,0,0621.Blank-4,,Negative,Composite,,,,D1,,
0621/DI,DI,06/21/21,R,L452R,,50,0,0.47,0,0,,16354,0,0621.DI-3,1591.73,Negative,Composite,,,,A1,1580.67,0
0621/DI,DI,06/21/21,R,E484Q,,50,0,0.47,0,0,,16354,0,0621.DI-3,2333.33,Negative,Composite,,,,A1,1580.67,0
0621/DI,DI,06/21/21,R,L452wt,,50,0,0.47,0,0,,16354,0,0621.DI-3,1347.23,Negative,Composite,,,,A1,1580.67,0
0621/DI,DI,06/21/21,R,E484wt,,50,0,0.47,0,0,,16354,0,0621.DI-3,1643.27,Negative,Composite,,,,A1,1580.67,0
0621/DI,DI,06/21/21,R,L452R,,50,0,0.47,0,0,,16377,0,0621.DI-4,1591.73,Negative,Composite,,,,B1,1578.45,0
0621/DI,DI,06/21/21,R,E484Q,,50,0,0.47,0,0,,16377,0,0621.DI-4,2333.33,Negative,Composite,,,,B1,1578.45,0
0621/DI,DI,06/21/21,R,L452wt,,50,0,0.47,0,0,,16377,0,0621.DI-4,1347.23,Negative,Composite,,,,B1,1578.45,0
0621/DI,DI,06/21/21,R,E484wt,,50,0,0.47,0,0,,16377,0,0621.DI-4,1643.27,Negative,Composite,,,,B1,1578.45,0
0623/NTC,NTC,06/23/21,R,L452R,,,0,0.49,0,,,15741,0,0623.NTC-1,,Negative,Composite,,,,C12,,
0623/NTC,NTC,06/23/21,R,E484Q,,,0,0.49,0,,,15741,0,0623.NTC-1,,Negative,Composite,,,,C12,,
0623/NTC,NTC,06/23/21,R,L452wt,,,0,0.49,0,,,15741,0,0623.NTC-1,,Negative,Composite,,,,C12,,
0623/NTC,NTC,06/23/21,R,E484wt,,,0,0.49,0,,,15741,0,0623.NTC-1,,Negative,Composite,,,,C12,,
0623/NTC,NTC,06/23/21,R,L452R,,,0,0.44,0,,,17569,0,0623.NTC-2,,Negative,Composite,,,,D12,,
0623/NTC,NTC,06/23/21,R,E484Q,,,0,0.44,0,,,17569,0,0623.NTC-2,,Negative,Composite,,,,D12,,
0623/NTC,NTC,06/23/21,R,L452wt,,,0,0.44,0,,,17569,0,0623.NTC-2,,Negative,Composite,,,,D12,,
0623/NTC,NTC,06/23/21,R,E484wt,,,0,0.44,0,,,17569,0,0623.NTC-2,,Negative,Composite,,,,D12,,
0623/NTC,NTC,06/23/21,R,L452R,,,0,0.45,0,,,17088,0,0623.NTC-3,,Negative,Composite,,,,E12,,
0623/NTC,NTC,06/23/21,R,E484Q,,,0,0.45,0,,,17088,0,0623.NTC-3,,Negative,Composite,,,,E12,,
0623/NTC,NTC,06/23/21,R,L452wt,,,0,0.45,0,,,17088,0,0623.NTC-3,,Negative,Composite,,,,E12,,
0623/NTC,NTC,06/23/21,R,E484wt,,,0,0.45,0,,,17088,0,0623.NTC-3,,Negative,Composite,,,,E12,,
0623/NTC,NTC,06/23/21,R,L452R,,,0,0.47,0,,,16585,0,0623.NTC-4,,Negative,Composite,,,,F12,,
0623/NTC,NTC,06/23/21,R,E484Q,,,0,0.47,0,,,16585,0,0623.NTC-4,,Negative,Composite,,,,F12,,
0623/NTC,NTC,06/23/21,R,L452wt,,,0,0.47,0,,,16585,0,0623.NTC-4,,Negative,Composite,,,,F12,,
0623/NTC,NTC,06/23/21,R,E484wt,,,0,0.47,0,,,16585,0,0623.NTC-4,,Negative,Composite,,,,F12,,
0623/NTC,NTC,06/23/21,R,L452R,,,0,0.48,0,,,16275,0,0623.NTC-5,,Negative,Composite,,,,G12,,
0623/NTC,NTC,06/23/21,R,E484Q,,,0,0.48,0,,,16275,0,0623.NTC-5,,Negative,Composite,,,,G12,,
0623/NTC,NTC,06/23/21,R,L452wt,,,0,0.48,0,,,16275,0,0623.NTC-5,,Negative,Composite,,,,G12,,
0623/NTC,NTC,06/23/21,R,E484wt,,,0,0.48,0,,,16275,0,0623.NTC-5,,Negative,Composite,,,,G12,,
0623/NTC,NTC,06/23/21,R,L452R,,,0,0.48,0,,,16293,0,0623.NTC-6,,Negative,Composite,,,,H12,,
0623/NTC,NTC,06/23/21,R,E484Q,,,0,0.48,0,,,16293,0,0623.NTC-6,,Negative,Composite,,,,H12,,
0623/NTC,NTC,06/23/21,R,L452wt,,,0,0.48,0,,,16293,0,0623.NTC-6,,Negative,Composite,,,,H12,,
0623/NTC,NTC,06/23/21,R,E484wt,,,0,0.48,0,,,16293,0,0623.NTC-6,,Negative,Composite,,,,H12,,
0623/stdCA,stdCA,06/23/21,R,L452R,,,86.39,94.08,78.72,,,14896,486,0623.stdCA-1,,Positive,Composite,,,,E11,,
0623/stdCA,stdCA,06/23/21,R,E484Q,,,0,0.54,0,,,14896,0,0623.stdCA-1,,Negative,Composite,,,,E11,,
0623/stdCA,stdCA,06/23/21,R,L452wt,,,0,0.54,0,,,14896,0,0623.stdCA-1,,Negative,Composite,,,,E11,,
0623/stdCA,stdCA,06/23/21,R,E484wt,,,86.03,93.7,78.37,,,14896,484,0623.stdCA-1,,Positive,Composite,,,,E11,,
0623/stdCA,stdCA,06/23/21,R,L452R,,,,,,,,12112,0,0623.stdCA-2,,,Composite,,,,F11,,
0623/stdCA,stdCA,06/23/21,R,E484Q,,,,,,,,12112,0,0623.stdCA-2,,,Composite,,,,F11,,
0623/stdCA,stdCA,06/23/21,R,L452wt,,,,,,,,12112,0,0623.stdCA-2,,,Composite,,,,F11,,
0623/stdCA,stdCA,06/23/21,R,E484wt,,,,,,,,12112,0,0623.stdCA-2,,,Composite,,,,F11,,
0623/stdIndia,stdIndia,06/23/21,R,L452R,,,41.51,47.07,35.95,,,13489,214,0623.stdIndia-1,,Positive,Composite,,,,A12,,
0623/stdIndia,stdIndia,06/23/21,R,E484Q,,,41.51,47.07,35.95,,,13489,214,0623.stdIndia-1,,Positive,Composite,,,,A12,,
0623/stdIndia,stdIndia,06/23/21,R,L452wt,,,0,0.59,0,,,13489,0,0623.stdIndia-1,,Negative,Composite,,,,A12,,
0623/stdIndia,stdIndia,06/23/21,R,E484wt,,,0,0.59,0,,,13489,0,0623.stdIndia-1,,Negative,Composite,,,,A12,,
0623/stdIndia,stdIndia,06/23/21,R,L452R,,,38.48,43.47,33.5,,,15565,229,0623.stdIndia-2,,Positive,Composite,,,,B12,,
0623/stdIndia,stdIndia,06/23/21,R,E484Q,,,38.48,43.47,33.5,,,15565,229,0623.stdIndia-2,,Positive,Composite,,,,B12,,
0623/stdIndia,stdIndia,06/23/21,R,L452wt,,,0,0.51,0,,,15565,0,0623.stdIndia-2,,Negative,Composite,,,,B12,,
0623/stdIndia,stdIndia,06/23/21,R,E484wt,,,0,0.51,0,,,15565,0,0623.stdIndia-2,,Negative,Composite,,,,B12,,
0623/stdMix,stdMix,06/23/21,R,L452R,,,89.83,96.77,82.9,,,19307,645,0623.stdMix-1,,Positive,Composite,,,,G11,,
0623/stdMix,stdMix,06/23/21,R,E484Q,,,42.58,47.38,37.79,,,19307,303,0623.stdMix-1,,Positive,Composite,,,,G11,,
0623/stdMix,stdMix,06/23/21,R,L452wt,,,43.98,48.86,39.11,,,19307,313,0623.stdMix-1,,Positive,Composite,,,,G11,,
0623/stdMix,stdMix,06/23/21,R,E484wt,,,90.63,97.6,83.68,,,19307,651,0623.stdMix-1,,Positive,Composite,,,,G11,,
0623/stdMix,stdMix,06/23/21,R,L452R,,,86.93,93.9,79.99,,,18520,600,0623.stdMix-2,,Positive,Composite,,,,H11,,
0623/stdMix,stdMix,06/23/21,R,E484Q,,,43.83,48.79,38.87,,,18520,300,0623.stdMix-2,,Positive,Composite,,,,H11,,
0623/stdMix,stdMix,06/23/21,R,L452wt,,,41.22,46.04,36.42,,,18520,282,0623.stdMix-2,,Positive,Composite,,,,H11,,
0623/stdMix,stdMix,06/23/21,R,E484wt,,,84.22,91.08,77.38,,,18520,581,0623.stdMix-2,,Positive,Composite,,,,H11,,
0623/stdWHC,stdWHC,06/23/21,R,L452R,,,0,0.51,0,,,15728,0,0623.stdWHC-1,,Negative,Composite,,,,C11,,
0623/stdWHC,stdWHC,06/23/21,R,E484Q,,,0,0.51,0,,,15728,0,0623.stdWHC-1,,Negative,Composite,,,,C11,,
0623/stdWHC,stdWHC,06/23/21,R,L452wt,,,60.72,66.97,54.48,,,15728,363,0623.stdWHC-1,,Positive,Composite,,,,C11,,
0623/stdWHC,stdWHC,06/23/21,R,E484wt,,,60.72,66.97,54.48,,,15728,363,0623.stdWHC-1,,Positive,Composite,,,,C11,,
0623/stdWHC,stdWHC,06/23/21,R,L452R,,,0,0.5,0,,,15951,0,0623.stdWHC-2,,Negative,Composite,,,,D11,,
0623/stdWHC,stdWHC,06/23/21,R,E484Q,,,0,0.5,0,,,15951,0,0623.stdWHC-2,,Negative,Composite,,,,D11,,
0623/stdWHC,stdWHC,06/23/21,R,L452wt,,,58.88,64.98,52.79,,,15951,358,0623.stdWHC-2,,Positive,Composite,,,,D11,,
0623/stdWHC,stdWHC,06/23/21,R,E484wt,,,58.88,64.98,52.79,,,15951,358,0623.stdWHC-2,,Positive,Composite,,,,D11,,
69th Street,69,06/21/21,R,L452R,,50,0.14,0.68,0.01,475.15,,18158,1,0621.69-1,1591.73,Negative,Composite,,,,E2,2269.53,19.96
69th Street,69,06/21/21,R,E484Q,,50,0,0.43,0,0,,18158,0,0621.69-1,2333.33,Negative,Composite,,,,E2,1423.69,0
69th Street,69,06/21/21,R,L452wt,,50,0,0.43,0,0,,18158,0,0621.69-1,1347.23,Negative,Composite,,,,E2,1423.69,0
69th Street,69,06/21/21,R,E484wt,,50,0,0.43,0,0,,18158,0,0621.69-1,1643.27,Negative,Composite,,,,E2,1423.69,0
69th Street,69,06/21/21,R,L452R,,50,0,0.42,0,0,,18354,0,0621.69-2,1591.73,Negative,Composite,,,,F2,1408.41,0
69th Street,69,06/21/21,R,E484Q,,50,0,0.42,0,0,,18354,0,0621.69-2,2333.33,Negative,Composite,,,,F2,1408.41,0
69th Street,69,06/21/21,R,L452wt,,50,0,0.42,0,0,,18354,0,0621.69-2,1347.23,Negative,Composite,,,,F2,1408.41,0
69th Street,69,06/21/21,R,E484wt,,50,0,0.42,0,0,,18354,0,0621.69-2,1643.27,Negative,Composite,,,,F2,1408.41,0
Almeda Sims,AS,06/21/21,R,L452R,,50,0,0.57,0,0,,13763,0,0621.AS-1,1591.73,Negative,Composite,,,,A3,1900.09,0
Almeda Sims,AS,06/21/21,R,E484Q,,50,0,0.57,0,0,,13763,0,0621.AS-1,2333.33,Negative,Composite,,,,A3,1900.09,0
Almeda Sims,AS,06/21/21,R,L452wt,,50,9.31,12.17,6.93,31016.95,,13763,49,0621.AS-1,1347.23,Positive,Composite,,,,A3,40571.1,23100.2
Almeda Sims,AS,06/21/21,R,E484wt,,50,9.31,12.17,6.93,31016.95,,13763,49,0621.AS-1,1643.27,Positive,Composite,,,,A3,40571.1,23100.2
Almeda Sims,AS,06/21/21,R,L452R,,50,0,0.5,0,0,,15486,0,0621.AS-2,1591.73,Negative,Composite,,,,B3,1673.6,0
Almeda Sims,AS,06/21/21,R,E484Q,,50,0,0.5,0,0,,15486,0,0621.AS-2,2333.33,Negative,Composite,,,,B3,1673.6,0
Almeda Sims,AS,06/21/21,R,L452wt,,50,0.17,0.8,0.01,558.54,,15486,1,0621.AS-2,1347.23,Negative,Composite,,,,B3,2667.9,23.46
Almeda Sims,AS,06/21/21,R,E484wt,,50,0.17,0.8,0.01,558.54,,15486,1,0621.AS-2,1643.27,Negative,Composite,,,,B3,2667.9,23.46
Beltway,BW,06/21/21,R,L452R,,50,0,0.48,0,0,,16070,0,0621.BW-1,1591.73,Negative,Composite,,,,C3,1616.15,0
Beltway,BW,06/21/21,R,E484Q,,50,0,0.48,0,0,,16070,0,0621.BW-1,2333.33,Negative,Composite,,,,C3,1616.15,0
Beltway,BW,06/21/21,R,L452wt,,50,9.37,12,7.15,31227.7,,16070,58,0621.BW-1,1347.23,Positive,Composite,,,,C3,40002.55,23845.07
Beltway,BW,06/21/21,R,E484wt,,50,9.37,12,7.15,31227.7,,16070,58,0621.BW-1,1643.27,Positive,Composite,,,,C3,40002.55,23845.07
Beltway,BW,06/21/21,R,L452R,,50,0.16,0.78,0.01,545.3,,15886,1,0621.BW-2,1591.73,Negative,Composite,,,,D3,2604.66,22.9
Beltway,BW,06/21/21,R,E484Q,,50,0,0.49,0,0,,15886,0,0621.BW-2,2333.33,Negative,Composite,,,,D3,1633.92,0
Beltway,BW,06/21/21,R,L452wt,,50,8,10.47,5.96,26679.21,,15886,49,0621.BW-2,1347.23,Positive,Composite,,,,D3,34894.49,19870.89
Beltway,BW,06/21/21,R,E484wt,,50,8,10.47,5.96,26679.21,,15886,49,0621.BW-2,1643.27,Positive,Composite,,,,D3,34894.49,19870.89
Cedar Bayou,CD,06/21/21,R,L452R,,50,0,0.48,0,0,,16274,0,0621.CD-1,1591.73,Negative,Composite,,,,G3,1588.44,0
Cedar Bayou,CD,06/21/21,R,E484Q,,50,0,0.48,0,0,,16274,0,0621.CD-1,2333.33,Negative,Composite,,,,G3,1588.44,0
Cedar Bayou,CD,06/21/21,R,L452wt,,50,0,0.48,0,0,,16274,0,0621.CD-1,1347.23,Negative,Composite,,,,G3,1588.44,0
Cedar Bayou,CD,06/21/21,R,E484wt,,50,0,0.48,0,0,,16274,0,0621.CD-1,1643.27,Negative,Composite,,,,G3,1588.44,0
Cedar Bayou,CD,06/21/21,R,L452R,,50,0,0.46,0,0,,16940,0,0621.CD-2,1591.73,Negative,Composite,,,,H3,1525.98,0
Cedar Bayou,CD,06/21/21,R,E484Q,,50,0,0.46,0,0,,16940,0,0621.CD-2,2333.33,Negative,Composite,,,,H3,1525.98,0
Cedar Bayou,CD,06/21/21,R,L452wt,,50,0,0.46,0,0,,16940,0,0621.CD-2,1347.23,Negative,Composite,,,,H3,1525.98,0
Cedar Bayou,CD,06/21/21,R,E484wt,,50,0,0.46,0,0,,16940,0,0621.CD-2,1643.27,Negative,Composite,,,,H3,1525.98,0
Chocolate Bayou,CB,06/21/21,R,L452R,,50,0.83,1.81,0.29,2770.63,,15576,5,0621.CB-1,1591.73,Positive,Composite,,,,E3,6021.7,974.05
Chocolate Bayou,CB,06/21/21,R,E484Q,,50,0,0.5,0,0,,15576,0,0621.CB-1,2333.33,Negative,Composite,,,,E3,1660.59,0
Chocolate Bayou,CB,06/21/21,R,L452wt,,50,0.33,1.07,0.05,1108.36,,15576,2,0621.CB-1,1347.23,Negative,Composite,,,,E3,3550.57,167.91
Chocolate Bayou,CB,06/21/21,R,E484wt,,50,0.17,0.79,0.01,554.16,,15576,1,0621.CB-1,1643.27,Negative,Composite,,,,E3,2646.99,23.27
Chocolate Bayou,CB,06/21/21,R,L452R,,50,0.3,0.96,0.05,994.86,,17347,2,0621.CB-2,1591.73,Negative,Composite,,,,F3,3186.95,150.71
Chocolate Bayou,CB,06/21/21,R,E484Q,,50,0,0.45,0,0,,17347,0,0621.CB-2,2333.33,Negative,Composite,,,,F3,1490.52,0
Chocolate Bayou,CB,06/21/21,R,L452wt,,50,0.15,0.71,0.01,497.45,,17347,1,0621.CB-2,1347.23,Negative,Composite,,,,F3,2376.06,20.89
Chocolate Bayou,CB,06/21/21,R,E484wt,,50,0.15,0.71,0.01,497.45,,17347,1,0621.CB-2,1643.27,Negative,Composite,,,,F3,2376.06,20.89
Clinton Park,CP,06/21/21,R,L452R,,50,0,0.59,0,0,,13218,0,0621.CP-1,1591.73,Negative,Composite,,,,A4,1955.73,0
Clinton Park,CP,06/21/21,R,E484Q,,50,0,0.59,0,0,,13218,0,0621.CP-1,2333.33,Negative,Composite,,,,A4,1955.73,0
Clinton Park,CP,06/21/21,R,L452wt,,50,0,0.59,0,0,,13218,0,0621.CP-1,1347.23,Negative,Composite,,,,A4,1955.73,0
Clinton Park,CP,06/21/21,R,E484wt,,50,0,0.59,0,0,,13218,0,0621.CP-1,1643.27,Negative,Composite,,,,A4,1955.73,0
Clinton Park,CP,06/21/21,R,L452R,,50,0,0.49,0,0,,15862,0,0621.CP-2,1591.73,Negative,Composite,,,,B4,1630.21,0
Clinton Park,CP,06/21/21,R,E484Q,,50,0,0.49,0,0,,15862,0,0621.CP-2,2333.33,Negative,Composite,,,,B4,1630.21,0
Clinton Park,CP,06/21/21,R,L452wt,,50,0,0.49,0,0,,15862,0,0621.CP-2,1347.23,Negative,Composite,,,,B4,1630.21,0
Clinton Park,CP,06/21/21,R,E484wt,,50,0,0.49,0,0,,15862,0,0621.CP-2,1643.27,Negative,Composite,,,,B4,1630.21,0
Easthaven,EH,06/21/21,R,L452R,,50,2.02,3.33,1.11,6729.88,,16693,13,0621.EH-1,1591.73,Positive,Composite,,,,C4,11114.9,3685.77
Easthaven,EH,06/21/21,R,E484Q,,50,0,0.47,0,0,,16693,0,0621.EH-1,2333.33,Negative,Composite,,,,C4,1551.72,0
Easthaven,EH,06/21/21,R,L452wt,,50,1.4,2.53,0.67,4659.71,,16693,9,0621.EH-1,1347.23,Positive,Composite,,,,C4,8443.17,2221.85
Easthaven,EH,06/21/21,R,E484wt,,50,0,0.47,0,0,,16693,0,0621.EH-1,1643.27,Negative,Composite,,,,C4,1551.72,0
Easthaven,EH,06/21/21,R,L452R,,50,1.86,3.13,0.99,6206.8,,16710,12,0621.EH-2,1591.73,Positive,Composite,,,,D4,10447.06,3307.15
Easthaven,EH,06/21/21,R,E484Q,,50,0,0.47,0,0,,16710,0,0621.EH-2,2333.33,Negative,Composite,,,,D4,1550.33,0
Easthaven,EH,06/21/21,R,L452wt,,50,0.78,1.69,0.27,2586.71,,16710,5,0621.EH-2,1347.23,Positive,Composite,,,,D4,5621.91,909.4
Easthaven,EH,06/21/21,R,E484wt,,50,0,0.47,0,0,,16710,0,0621.EH-2,1643.27,Negative,Composite,,,,D4,1550.33,0
F.W.S.D. # 23,23,06/21/21,R,L452R,,50,0.14,0.67,0.01,468.67,,18416,1,0621.23-1,1591.73,Negative,Composite,,,,A2,2238.58,19.68
F.W.S.D. # 23,23,06/21/21,R,E484Q,,50,0,0.42,0,0,,18416,0,0621.23-1,2333.33,Negative,Composite,,,,A2,1404.28,0
F.W.S.D. # 23,23,06/21/21,R,L452wt,,50,0,0.42,0,0,,18416,0,0621.23-1,1347.23,Negative,Composite,,,,A2,1404.28,0
F.W.S.D. # 23,23,06/21/21,R,E484wt,,50,0,0.42,0,0,,18416,0,0621.23-1,1643.27,Negative,Composite,,,,A2,1404.28,0
F.W.S.D. # 23,23,06/21/21,R,L452R,,50,0,0.46,0,0,,16945,0,0621.23-2,1591.73,Negative,Composite,,,,B2,1525.98,0
F.W.S.D. # 23,23,06/21/21,R,E484Q,,50,0,0.46,0,0,,16945,0,0621.23-2,2333.33,Negative,Composite,,,,B2,1525.98,0
F.W.S.D. # 23,23,06/21/21,R,L452wt,,50,0,0.46,0,0,,16945,0,0621.23-2,1347.23,Negative,Composite,,,,B2,1525.98,0
F.W.S.D. # 23,23,06/21/21,R,E484wt,,50,0,0.46,0,0,,16945,0,0621.23-2,1643.27,Negative,Composite,,,,B2,1525.98,0
Forest Cove,FC,06/21/21,R,L452R,,50,0.14,0.69,0.01,482.29,,17889,1,0621.FC-1,1591.73,Negative,Composite,,,,E4,2303.66,20.26
Forest Cove,FC,06/21/21,R,E484Q,,50,0,0.43,0,0,,17889,0,0621.FC-1,2333.33,Negative,Composite,,,,E4,1445.1,0
Forest Cove,FC,06/21/21,R,L452wt,,50,0,0.43,0,0,,17889,0,0621.FC-1,1347.23,Negative,Composite,,,,E4,1445.1,0
Forest Cove,FC,06/21/21,R,E484wt,,50,0,0.43,0,0,,17889,0,0621.FC-1,1643.27,Negative,Composite,,,,E4,1445.1,0
Forest Cove,FC,06/21/21,R,L452R,,50,0.17,0.82,0.01,568.81,,15186,1,0621.FC-2,1591.73,Negative,Composite,,,,F4,2716.98,23.89
Forest Cove,FC,06/21/21,R,E484Q,,50,0,0.51,0,0,,15186,0,0621.FC-2,2333.33,Negative,Composite,,,,F4,1704.38,0
Forest Cove,FC,06/21/21,R,L452wt,,50,0,0.51,0,0,,15186,0,0621.FC-2,1347.23,Negative,Composite,,,,F4,1704.38,0
Forest Cove,FC,06/21/21,R,E484wt,,50,0,0.51,0,0,,15186,0,0621.FC-2,1643.27,Negative,Composite,,,,F4,1704.38,0
Greenridge,GR,06/21/21,R,L452R,,50,0.48,1.27,0.11,1591.73,,16287,3,0621.GR-1,1591.73,Positive,Composite,,,,G4,4219.26,377.74
Greenridge,GR,06/21/21,R,E484Q,,50,0,0.48,0,0,,16287,0,0621.GR-1,2333.33,Negative,Composite,,,,G4,1589.9,0
Greenridge,GR,06/21/21,R,L452wt,,50,0.16,0.76,0.01,530.61,,16287,1,0621.GR-1,1347.23,Negative,Composite,,,,G4,2534.49,22.28
Greenridge,GR,06/21/21,R,E484wt,,50,0,0.48,0,0,,16287,0,0621.GR-1,1643.27,Negative,Composite,,,,G4,1589.9,0
Greenridge,GR,06/21/21,R,L452R,,50,0.29,0.92,0.04,959.41,,18015,2,0621.GR-2,1591.73,Negative,Composite,,,,H4,3073.35,145.34
Greenridge,GR,06/21/21,R,E484Q,,50,0,0.43,0,0,,18015,0,0621.GR-2,2333.33,Negative,Composite,,,,H4,1437.39,0
Greenridge,GR,06/21/21,R,L452wt,,50,0.14,0.69,0.01,479.72,,18015,1,0621.GR-2,1347.23,Negative,Composite,,,,H4,2291.36,20.15
Greenridge,GR,06/21/21,R,E484wt,,50,0,0.43,0,0,,18015,0,0621.GR-2,1643.27,Negative,Composite,,,,H4,1437.39,0
Homestead,HO,06/21/21,R,L452R,,50,0,0.4,0,0,,19303,0,0621.HO-1,1591.73,Negative,Composite,,,,A5,1339.16,0
Homestead,HO,06/21/21,R,E484Q,,50,0,0.4,0,0,,19303,0,0621.HO-1,2333.33,Negative,Composite,,,,A5,1339.16,0
Homestead,HO,06/21/21,R,L452wt,,50,0,0.4,0,0,,19303,0,0621.HO-1,1347.23,Negative,Composite,,,,A5,1339.16,0
Homestead,HO,06/21/21,R,E484wt,,50,0,0.4,0,0,,19303,0,0621.HO-1,1643.27,Negative,Composite,,,,A5,1339.16,0
Homestead,HO,06/21/21,R,L452R,,50,0,0.44,0,0,,17614,0,0621.HO-2,1591.73,Negative,Composite,,,,B5,1467.67,0
Homestead,HO,06/21/21,R,E484Q,,50,0,0.44,0,0,,17614,0,0621.HO-2,2333.33,Negative,Composite,,,,B5,1467.67,0
Homestead,HO,06/21/21,R,L452wt,,50,0,0.44,0,0,,17614,0,0621.HO-2,1347.23,Negative,Composite,,,,B5,1467.67,0
Homestead,HO,06/21/21,R,E484wt,,50,0,0.44,0,0,,17614,0,0621.HO-2,1643.27,Negative,Composite,,,,B5,1467.67,0
Imperial Valley,IV,06/21/21,R,L452R,,50,0.3,0.95,0.04,988.99,,17464,2,0621.IV-1,1591.73,Negative,Composite,,,,E5,3168.13,149.82
Imperial Valley,IV,06/21/21,R,E484Q,,50,0,0.44,0,0,,17464,0,0621.IV-1,2333.33,Negative,Composite,,,,E5,1481.72,0
Imperial Valley,IV,06/21/21,R,L452wt,,50,1.78,3,0.95,5932.24,,17464,12,0621.IV-1,1347.23,Positive,Composite,,,,E5,9984.82,3160.88
Imperial Valley,IV,06/21/21,R,E484wt,,50,1.33,2.42,0.64,4448.8,,17464,9,0621.IV-1,1643.27,Positive,Composite,,,,E5,8060.93,2121.3
Imperial Valley,IV,06/21/21,R,L452R,,50,0.15,0.7,0.01,491.91,,17553,1,0621.IV-2,1591.73,Negative,Composite,,,,F5,2349.64,20.66
Imperial Valley,IV,06/21/21,R,E484Q,,50,0,0.44,0,0,,17553,0,0621.IV-2,2333.33,Negative,Composite,,,,F5,1473.95,0
Imperial Valley,IV,06/21/21,R,L452wt,,50,1.18,2.21,0.53,3934.53,,17553,8,0621.IV-2,1347.23,Positive,Composite,,,,F5,7368.39,1781.14
Imperial Valley,IV,06/21/21,R,E484wt,,50,1.03,2.01,0.44,3442.62,,17553,7,0621.IV-2,1643.27,Positive,Composite,,,,F5,6705.52,1462.45
Intercontinental Airport,IA,06/21/21,R,L452R,,50,0,0.4,0,0,,19626,0,0621.IA-1,1591.73,Negative,Composite,,,,C5,1318.13,0
Intercontinental Airport,IA,06/21/21,R,E484Q,,50,0,0.4,0,0,,19626,0,0621.IA-1,2333.33,Negative,Composite,,,,C5,1318.13,0
Intercontinental Airport,IA,06/21/21,R,L452wt,,50,1.45,2.5,0.75,4837.86,,19626,11,0621.IA-1,1347.23,Positive,Composite,,,,C5,8318.85,2497.76
Intercontinental Airport,IA,06/21/21,R,E484wt,,50,0.92,1.8,0.39,3078.33,,19626,7,0621.IA-1,1643.27,Positive,Composite,,,,C5,5995.84,1307.71
Intercontinental Airport,IA,06/21/21,R,L452R,,50,0.28,0.89,0.04,929.68,,18567,2,0621.IA-2,1591.73,Negative,Composite,,,,D5,2978.13,140.84
Intercontinental Airport,IA,06/21/21,R,E484Q,,50,0,0.42,0,0,,18567,0,0621.IA-2,2333.33,Negative,Composite,,,,D5,1392.85,0
Intercontinental Airport,IA,06/21/21,R,L452wt,,50,0.84,1.71,0.33,2788.75,,18567,6,0621.IA-2,1347.23,Positive,Composite,,,,D5,5701.16,1092.15
Intercontinental Airport,IA,06/21/21,R,E484wt,,50,0.56,1.32,0.17,1859.06,,18567,4,0621.IA-2,1643.27,Positive,Composite,,,,D5,4383.85,560.93
Keegans Bayou,KB,06/21/21,R,L452R,,50,0.3,0.96,0.05,1001.79,,17225,2,0621.KB-1,1591.73,Negative,Composite,,,,G5,3209.16,151.76
Keegans Bayou,KB,06/21/21,R,E484Q,,50,0,0.45,0,0,,17225,0,0621.KB-1,2333.33,Negative,Composite,,,,G5,1500.91,0
Keegans Bayou,KB,06/21/21,R,L452wt,,50,0,0.45,0,0,,17225,0,0621.KB-1,1347.23,Negative,Composite,,,,G5,1500.91,0
Keegans Bayou,KB,06/21/21,R,E484wt,,50,0,0.45,0,0,,17225,0,0621.KB-1,1643.27,Negative,Composite,,,,G5,1500.91,0
Keegans Bayou,KB,06/21/21,R,L452R,,50,0,0.4,0,0,,19484,0,0621.KB-2,1591.73,Negative,Composite,,,,H5,1326.86,0
Keegans Bayou,KB,06/21/21,R,E484Q,,50,0,0.4,0,0,,19484,0,0621.KB-2,2333.33,Negative,Composite,,,,H5,1326.86,0
Keegans Bayou,KB,06/21/21,R,L452wt,,50,0.13,0.63,0.01,442.83,,19484,1,0621.KB-2,1347.23,Negative,Composite,,,,H5,2115.16,18.6
Keegans Bayou,KB,06/21/21,R,E484wt,,50,0.13,0.63,0.01,442.83,,19484,1,0621.KB-2,1643.27,Negative,Composite,,,,H5,2115.16,18.6
Kingwood Central,KW,06/21/21,R,L452R,,50,0,0.48,0,0,,16073,0,0621.KW-1,1591.73,Negative,Composite,,,,A6,1609.1,0
Kingwood Central,KW,06/21/21,R,E484Q,,50,0,0.48,0,0,,16073,0,0621.KW-1,2333.33,Negative,Composite,,,,A6,1609.1,0
Kingwood Central,KW,06/21/21,R,L452wt,,50,1.13,2.2,0.48,3758.42,,16073,7,0621.KW-1,1347.23,Positive,Composite,,,,A6,7320.76,1596.59
Kingwood Central,KW,06/21/21,R,E484wt,,50,1.13,2.2,0.48,3758.42,,16073,7,0621.KW-1,1643.27,Positive,Composite,,,,A6,7320.76,1596.59
Kingwood Central,KW,06/21/21,R,L452R,,50,0.16,0.77,0.01,539.54,,16006,1,0621.KW-2,1591.73,Negative,Composite,,,,B6,2577.13,22.66
Kingwood Central,KW,06/21/21,R,E484Q,,50,0,0.48,0,0,,16006,0,0621.KW-2,2333.33,Negative,Composite,,,,B6,1616.65,0
Kingwood Central,KW,06/21/21,R,L452wt,,50,2.1,3.47,1.15,7011.34,,16006,13,0621.KW-2,1347.23,Positive,Composite,,,,B6,11579.86,3839.89
Kingwood Central,KW,06/21/21,R,E484wt,,50,2.1,3.47,1.15,7011.34,,16006,13,0621.KW-2,1643.27,Positive,Composite,,,,B6,11579.86,3839.89
Kingwood West,KWW,06/21/21,R,L452R,,50,0,0.38,0,0,,20218,0,0621.KWW-1,1591.73,Negative,Composite,,,,C6,1282.04,0
Kingwood West,KWW,06/21/21,R,E484Q,,50,0,0.38,0,0,,20218,0,0621.KWW-1,2333.33,Negative,Composite,,,,C6,1282.04,0
Kingwood West,KWW,06/21/21,R,L452wt,,50,0,0.38,0,0,,20218,0,0621.KWW-1,1347.23,Negative,Composite,,,,C6,1282.04,0
Kingwood West,KWW,06/21/21,R,E484wt,,50,0,0.38,0,0,,20218,0,0621.KWW-1,1643.27,Negative,Composite,,,,C6,1282.04,0
Kingwood West,KWW,06/21/21,R,L452R,,50,0,0.43,0,0,,18016,0,0621.KWW-2,1591.73,Negative,Composite,,,,D6,1434.91,0
Kingwood West,KWW,06/21/21,R,E484Q,,50,0,0.43,0,0,,18016,0,0621.KWW-2,2333.33,Negative,Composite,,,,D6,1434.91,0
Kingwood West,KWW,06/21/21,R,L452wt,,50,0,0.43,0,0,,18016,0,0621.KWW-2,1347.23,Negative,Composite,,,,D6,1434.91,0
Kingwood West,KWW,06/21/21,R,E484wt,,50,0,0.43,0,0,,18016,0,0621.KWW-2,1643.27,Negative,Composite,,,,D6,1434.91,0
M.U.D. # 203,203,06/21/21,R,L452R,,50,1.81,3.05,0.96,6031.07,,17176,12,0621.203-1,1591.73,Positive,Composite,,,,G1,10151.21,3213.54
M.U.D. # 203,203,06/21/21,R,E484Q,,50,0,0.45,0,0,,17176,0,0621.203-1,2333.33,Negative,Composite,,,,G1,1506.42,0
M.U.D. # 203,203,06/21/21,R,L452wt,,50,0,0.45,0,0,,17176,0,0621.203-1,1347.23,Negative,Composite,,,,G1,1506.42,0
M.U.D. # 203,203,06/21/21,R,E484wt,,50,0,0.45,0,0,,17176,0,0621.203-1,1643.27,Negative,Composite,,,,G1,1506.42,0
M.U.D. # 203,203,06/21/21,R,L452R,,50,2.26,3.52,1.34,7525.42,,19516,17,0621.203-2,1591.73,Positive,Composite,,,,H1,11717.71,4477.72
M.U.D. # 203,203,06/21/21,R,E484Q,,50,0,0.4,0,0,,19516,0,0621.203-2,2333.33,Negative,Composite,,,,H1,1326.93,0
M.U.D. # 203,203,06/21/21,R,L452wt,,50,0,0.4,0,0,,19516,0,0621.203-2,1347.23,Negative,Composite,,,,H1,1326.93,0
M.U.D. # 203,203,06/21/21,R,E484wt,,50,0,0.4,0,0,,19516,0,0621.203-2,1643.27,Negative,Composite,,,,H1,1326.93,0
Metro Central,MC,06/21/21,R,L452R,,50,0,0.45,0,0,,17250,0,0621.MC-1,1591.73,Negative,Composite,,,,E6,1498.56,0
Metro Central,MC,06/21/21,R,E484Q,,50,0,0.45,0,0,,17250,0,0621.MC-1,2333.33,Negative,Composite,,,,E6,1498.56,0
Metro Central,MC,06/21/21,R,L452wt,,50,0,0.45,0,0,,17250,0,0621.MC-1,1347.23,Negative,Composite,,,,E6,1498.56,0
Metro Central,MC,06/21/21,R,E484wt,,50,0,0.45,0,0,,17250,0,0621.MC-1,1643.27,Negative,Composite,,,,E6,1498.56,0
Metro Central,MC,06/21/21,R,L452R,,50,0,0.45,0,0,,17082,0,0621.MC-2,1591.73,Negative,Composite,,,,F6,1513.47,0
Metro Central,MC,06/21/21,R,E484Q,,50,0,0.45,0,0,,17082,0,0621.MC-2,2333.33,Negative,Composite,,,,F6,1513.47,0
Metro Central,MC,06/21/21,R,L452wt,,50,0,0.45,0,0,,17082,0,0621.MC-2,1347.23,Negative,Composite,,,,F6,1513.47,0
Metro Central,MC,06/21/21,R,E484wt,,50,0,0.45,0,0,,17082,0,0621.MC-2,1643.27,Negative,Composite,,,,F6,1513.47,0
Northbelt,NO,06/21/21,R,L452R,,50,0.14,0.65,0.01,453.49,,19121,1,0621.NO-1,1591.73,Negative,Composite,,,,C7,2166.09,19.05
Northbelt,NO,06/21/21,R,E484Q,,50,0,0.41,0,0,,19121,0,0621.NO-1,2333.33,Negative,Composite,,,,C7,1358.8,0
Northbelt,NO,06/21/21,R,L452wt,,50,10.73,13.28,8.52,35750.72,,19121,79,0621.NO-1,1347.23,Positive,Composite,,,,C7,44256.29,28416.08
Northbelt,NO,06/21/21,R,E484wt,,50,10.45,12.97,8.28,34843.81,,19121,77,0621.NO-1,1643.27,Positive,Composite,,,,C7,43247.73,27610.52
Northbelt,NO,06/21/21,R,L452R,,50,0.27,0.87,0.04,902.17,,19199,2,0621.NO-2,1591.73,Negative,Composite,,,,D7,2889.98,136.67
Northbelt,NO,06/21/21,R,E484Q,,50,0,0.41,0,0,,19199,0,0621.NO-2,2333.33,Negative,Composite,,,,D7,1351.63,0
Northbelt,NO,06/21/21,R,L452wt,,50,9.19,11.55,7.17,30620.97,,19199,68,0621.NO-2,1347.23,Positive,Composite,,,,D7,38514.92,23890.81
Northbelt,NO,06/21/21,R,E484wt,,50,8.65,10.95,6.69,28816.73,,19199,64,0621.NO-2,1643.27,Positive,Composite,,,,D7,36492.35,22304.74
Northeast,NE,06/21/21,R,L452R,,50,0.76,1.65,0.27,2527.15,,17084,5,0621.NE-1,1591.73,Positive,Composite,,,,G6,5492.45,888.46
Northeast,NE,06/21/21,R,E484Q,,50,0,0.45,0,0,,17084,0,0621.NE-1,2333.33,Negative,Composite,,,,G6,1514.63,0
Northeast,NE,06/21/21,R,L452wt,,50,1.82,3.06,0.97,6063.93,,17084,12,0621.NE-1,1347.23,Positive,Composite,,,,G6,10206.52,3231.04
Northeast,NE,06/21/21,R,E484wt,,50,1.82,3.06,0.97,6063.93,,17084,12,0621.NE-1,1643.27,Positive,Composite,,,,G6,10206.52,3231.04
Northeast,NE,06/21/21,R,L452R,,50,0.29,0.93,0.04,963.85,,17914,2,0621.NE-2,1591.73,Negative,Composite,,,,H6,3087.6,146.02
Northeast,NE,06/21/21,R,E484Q,,50,0,0.43,0,0,,17914,0,0621.NE-2,2333.33,Negative,Composite,,,,H6,1444.05,0
Northeast,NE,06/21/21,R,L452wt,,50,1.3,2.36,0.62,4336.49,,17914,9,0621.NE-2,1347.23,Positive,Composite,,,,H6,7857.4,2067.75
Northeast,NE,06/21/21,R,E484wt,,50,1.3,2.36,0.62,4336.49,,17914,9,0621.NE-2,1643.27,Positive,Composite,,,,H6,7857.4,2067.75
Northgate,NG,06/21/21,R,L452R,,50,1.95,3.43,0.97,6487.29,,13318,10,0621.NG-1,1591.73,Positive,Composite,,,,A7,11429.99,3229.41
Northgate,NG,06/21/21,R,E484Q,,50,0,0.58,0,0,,13318,0,0621.NG-1,2333.33,Negative,Composite,,,,A7,1944.54,0
Northgate,NG,06/21/21,R,L452wt,,50,2.14,3.68,1.11,7135.75,,13318,11,0621.NG-1,1347.23,Positive,Composite,,,,A7,12271.31,3683.91
Northgate,NG,06/21/21,R,E484wt,,50,1.75,3.17,0.84,5837.91,,13318,9,0621.NG-1,1643.27,Positive,Composite,,,,A7,10578.6,2783.54
Northgate,NG,06/21/21,R,L452R,,50,2.85,4.3,1.77,9502.12,,18191,20,0621.NG-2,1591.73,Positive,Composite,,,,B7,14323.22,5908.61
Northgate,NG,06/21/21,R,E484Q,,50,0,0.43,0,0,,18191,0,0621.NG-2,2333.33,Negative,Composite,,,,B7,1424.32,0
Northgate,NG,06/21/21,R,L452wt,,50,0.57,1.34,0.17,1900.95,,18191,4,0621.NG-2,1347.23,Positive,Composite,,,,B7,4482.63,573.57
Northgate,NG,06/21/21,R,E484wt,,50,0.86,1.75,0.34,2851.58,,18191,6,0621.NG-2,1643.27,Positive,Composite,,,,B7,5829.63,1116.76
Northwest,NW,06/21/21,R,L452R,,50,0,0.43,0,0,,18185,0,0621.NW-1,1591.73,Negative,Composite,,,,E7,1421.58,0
Northwest,NW,06/21/21,R,E484Q,,50,0,0.43,0,0,,18185,0,0621.NW-1,2333.33,Negative,Composite,,,,E7,1421.58,0
Northwest,NW,06/21/21,R,L452wt,,50,0.14,0.68,0.01,474.44,,18185,1,0621.NW-1,1347.23,Negative,Composite,,,,E7,2266.16,19.93
Northwest,NW,06/21/21,R,E484wt,,50,0.14,0.68,0.01,474.44,,18185,1,0621.NW-1,1643.27,Negative,Composite,,,,E7,2266.16,19.93
Northwest,NW,06/21/21,R,L452R,,50,0,0.39,0,0,,19908,0,0621.NW-2,1591.73,Negative,Composite,,,,F7,1298.46,0
Northwest,NW,06/21/21,R,E484Q,,50,0,0.39,0,0,,19908,0,0621.NW-2,2333.33,Negative,Composite,,,,F7,1298.46,0
Northwest,NW,06/21/21,R,L452wt,,50,0,0.39,0,0,,19908,0,0621.NW-2,1347.23,Negative,Composite,,,,F7,1298.46,0
Northwest,NW,06/21/21,R,E484wt,,50,0,0.39,0,0,,19908,0,0621.NW-2,1643.27,Negative,Composite,,,,F7,1298.46,0
Park Ten,PT,06/21/21,R,L452R,,50,0.29,0.91,0.04,951.73,,18132,2,0621.PT-1,1591.73,Negative,Composite,,,,G7,3048.77,144.18
Park Ten,PT,06/21/21,R,E484Q,,50,0,0.43,0,0,,18132,0,0621.PT-1,2333.33,Negative,Composite,,,,G7,1425.89,0
Park Ten,PT,06/21/21,R,L452wt,,50,0.14,0.68,0.01,475.88,,18132,1,0621.PT-1,1347.23,Negative,Composite,,,,G7,2273.04,19.99
Park Ten,PT,06/21/21,R,E484wt,,50,0.14,0.68,0.01,475.88,,18132,1,0621.PT-1,1643.27,Negative,Composite,,,,G7,2273.04,19.99
Park Ten,PT,06/21/21,R,L452R,,50,0.82,1.68,0.32,2731.65,,18955,6,0621.PT-2,1591.73,Positive,Composite,,,,H7,5584.41,1069.79
Park Ten,PT,06/21/21,R,E484Q,,50,0,0.41,0,0,,18955,0,0621.PT-2,2333.33,Negative,Composite,,,,H7,1364.33,0
Park Ten,PT,06/21/21,R,L452wt,,50,0.27,0.88,0.04,910.65,,18955,2,0621.PT-2,1347.23,Negative,Composite,,,,H7,2917.14,137.96
Park Ten,PT,06/21/21,R,E484wt,,50,0.27,0.88,0.04,910.65,,18955,2,0621.PT-2,1643.27,Negative,Composite,,,,H7,2917.14,137.96
Sagemont,SG,06/21/21,R,L452R,,50,0,0.44,0,0,,17595,0,0621.SG-1,1591.73,Negative,Composite,,,,E8,1469.34,0
Sagemont,SG,06/21/21,R,E484Q,,50,0,0.44,0,0,,17595,0,0621.SG-1,2333.33,Negative,Composite,,,,E8,1469.34,0
Sagemont,SG,06/21/21,R,L452wt,,50,0.29,0.94,0.04,980.73,,17595,2,0621.SG-1,1347.23,Negative,Composite,,,,E8,3141.66,148.57
Sagemont,SG,06/21/21,R,E484wt,,50,0,0.44,0,0,,17595,0,0621.SG-1,1643.27,Negative,Composite,,,,E8,1469.17,0
Sagemont,SG,06/21/21,R,L452R,,50,0.86,1.75,0.34,2858.03,,18154,6,0621.SG-2,1591.73,Positive,Composite,,,,F8,5842.83,1119.28
Sagemont,SG,06/21/21,R,E484Q,,50,0,0.43,0,0,,18154,0,0621.SG-2,2333.33,Negative,Composite,,,,F8,1427.47,0
Sagemont,SG,06/21/21,R,L452wt,,50,1.14,2.14,0.52,3810.5,,18154,8,0621.SG-2,1347.23,Positive,Composite,,,,F8,7136.06,1725
Sagemont,SG,06/21/21,R,E484wt,,50,0.71,1.55,0.25,2381.37,,18154,5,0621.SG-2,1643.27,Positive,Composite,,,,F8,5175.55,837.21
Sims Bayou North,SB,06/21/21,R,L452R,,50,0.17,0.81,0.01,568.06,,15189,1,0621.SB-1,1591.73,Negative,Composite,,,,A8,2713.4,23.86
Sims Bayou North,SB,06/21/21,R,E484Q,,50,0,0.51,0,0,,15189,0,0621.SB-1,2333.33,Negative,Composite,,,,A8,1702.14,0
Sims Bayou North,SB,06/21/21,R,L452wt,,50,0.17,0.81,0.01,568.06,,15189,1,0621.SB-1,1347.23,Negative,Composite,,,,A8,2713.4,23.86
Sims Bayou North,SB,06/21/21,R,E484wt,,50,0,0.51,0,0,,15189,0,0621.SB-1,1643.27,Negative,Composite,,,,A8,1702.03,0
Sims Bayou North,SB,06/21/21,R,L452R,,50,0,0.42,0,0,,18428,0,0621.SB-2,1591.73,Negative,Composite,,,,B8,1402.83,0
Sims Bayou North,SB,06/21/21,R,E484Q,,50,0,0.42,0,0,,18428,0,0621.SB-2,2333.33,Negative,Composite,,,,B8,1402.83,0
Sims Bayou North,SB,06/21/21,R,L452wt,,50,0,0.42,0,0,,18428,0,0621.SB-2,1347.23,Negative,Composite,,,,B8,1402.83,0
Sims Bayou North,SB,06/21/21,R,E484wt,,50,0,0.42,0,0,,18428,0,0621.SB-2,1643.27,Negative,Composite,,,,B8,1402.83,0
Sims Bayou South,SS,06/21/21,R,L452R,,50,0,0.44,0,0,,17755,0,0621.SS-1,1591.73,Negative,Composite,,,,G8,1456.01,0
Sims Bayou South,SS,06/21/21,R,E484Q,,50,0,0.44,0,0,,17755,0,0621.SS-1,2333.33,Negative,Composite,,,,G8,1456.01,0
Sims Bayou South,SS,06/21/21,R,L452wt,,50,0,0.44,0,0,,17755,0,0621.SS-1,1347.23,Negative,Composite,,,,G8,1456.01,0
Sims Bayou South,SS,06/21/21,R,E484wt,,50,0,0.44,0,0,,17755,0,0621.SS-1,1643.27,Negative,Composite,,,,G8,1456.01,0
Sims Bayou South,SS,06/21/21,R,L452R,,50,0,0.4,0,0,,19561,0,0621.SS-2,1591.73,Negative,Composite,,,,H8,1321.57,0
Sims Bayou South,SS,06/21/21,R,E484Q,,50,0,0.4,0,0,,19561,0,0621.SS-2,2333.33,Negative,Composite,,,,H8,1321.57,0
Sims Bayou South,SS,06/21/21,R,L452wt,,50,0,0.4,0,0,,19561,0,0621.SS-2,1347.23,Negative,Composite,,,,H8,1321.57,0
Sims Bayou South,SS,06/21/21,R,E484wt,,50,0,0.4,0,0,,19561,0,0621.SS-2,1643.27,Negative,Composite,,,,H8,1321.57,0
Southeast,SE,06/21/21,R,L452R,,50,0.56,1.31,0.17,1853.67,,18627,4,0621.SE-1,1591.73,Positive,Composite,,,,C8,4371.13,559.3
Southeast,SE,06/21/21,R,E484Q,,50,0,0.42,0,0,,18627,0,0621.SE-1,2333.33,Negative,Composite,,,,C8,1388.66,0
Southeast,SE,06/21/21,R,L452wt,,50,0.83,1.71,0.33,2780.36,,18627,6,0621.SE-1,1347.23,Positive,Composite,,,,C8,5684.01,1088.87
Southeast,SE,06/21/21,R,E484wt,,50,0.83,1.71,0.33,2780.36,,18627,6,0621.SE-1,1643.27,Positive,Composite,,,,C8,5684.01,1088.87
Southeast,SE,06/21/21,R,L452R,,50,0.16,0.75,0.01,520.53,,16583,1,0621.SE-2,1591.73,Negative,Composite,,,,D8,2486.31,21.86
Southeast,SE,06/21/21,R,E484Q,,50,0,0.47,0,0,,16583,0,0621.SE-2,2333.33,Negative,Composite,,,,D8,1559.68,0
Southeast,SE,06/21/21,R,L452wt,,50,0.78,1.7,0.27,2602.31,,16583,5,0621.SE-2,1347.23,Positive,Composite,,,,D8,5655.83,914.88
Southeast,SE,06/21/21,R,E484wt,,50,0.78,1.7,0.27,2602.31,,16583,5,0621.SE-2,1643.27,Positive,Composite,,,,D8,5655.83,914.88
Southwest,SW,06/21/21,R,L452R,,50,2.3,3.73,1.29,7666.41,,15767,14,0621.SW-1,1591.73,Positive,Composite,,,,A9,12448.23,4302.21
Southwest,SW,06/21/21,R,E484Q,,50,0,0.49,0,0,,15767,0,0621.SW-1,2333.33,Negative,Composite,,,,A9,1641.5,0
Southwest,SW,06/21/21,R,L452wt,,50,0.66,1.55,0.2,2191.1,,15767,4,0621.SW-1,1347.23,Positive,Composite,,,,A9,5166.95,661.11
Southwest,SW,06/21/21,R,E484wt,,50,0.49,1.31,0.12,1643.27,,15767,3,0621.SW-1,1643.27,Positive,Composite,,,,A9,4355.9,389.97
Southwest,SW,06/21/21,R,L452R,,50,1.36,2.46,0.65,4529.51,,17152,9,0621.SW-2,1591.73,Positive,Composite,,,,B9,8207.2,2159.77
Southwest,SW,06/21/21,R,E484Q,,50,0,0.45,0,0,,17152,0,0621.SW-2,2333.33,Negative,Composite,,,,B9,1508.35,0
Southwest,SW,06/21/21,R,L452wt,,50,0.6,1.42,0.18,2013.41,,17152,4,0621.SW-2,1347.23,Positive,Composite,,,,B9,4747.86,607.5
Southwest,SW,06/21/21,R,E484wt,,50,0.3,0.97,0.05,1006.65,,17152,2,0621.SW-2,1643.27,Negative,Composite,,,,B9,3224.7,152.5
Tidwell Timbers,TT,06/21/21,R,L452R,,50,0,0.44,0,0,,17689,0,0621.TT-1,1591.73,Negative,Composite,,,,E9,1461.69,0
Tidwell Timbers,TT,06/21/21,R,E484Q,,50,0,0.44,0,0,,17689,0,0621.TT-1,2333.33,Negative,Composite,,,,E9,1461.69,0
Tidwell Timbers,TT,06/21/21,R,L452wt,,50,0.59,1.38,0.18,1951.14,,17689,4,0621.TT-1,1347.23,Positive,Composite,,,,E9,4601.01,588.71
Tidwell Timbers,TT,06/21/21,R,E484wt,,50,0.59,1.38,0.18,1951.14,,17689,4,0621.TT-1,1643.27,Positive,Composite,,,,E9,4601.01,588.71
Tidwell Timbers,TT,06/21/21,R,L452R,,50,0,0.47,0,0,,16629,0,0621.TT-2,1591.73,Negative,Composite,,,,F9,1555.83,0
Tidwell Timbers,TT,06/21/21,R,E484Q,,50,0,0.47,0,0,,16629,0,0621.TT-2,2333.33,Negative,Composite,,,,F9,1555.83,0
Tidwell Timbers,TT,06/21/21,R,L452wt,,50,0.93,1.91,0.37,3114.98,,16629,6,0621.TT-2,1347.23,Positive,Composite,,,,F9,6368.22,1219.9
Tidwell Timbers,TT,06/21/21,R,E484wt,,50,0.93,1.91,0.37,3114.98,,16629,6,0621.TT-2,1643.27,Positive,Composite,,,,F9,6368.22,1219.9
Turkey Creek,TC,06/21/21,R,L452R,,50,0.15,0.74,0.01,515.52,,16739,1,0621.TC-1,1591.73,Negative,Composite,,,,C9,2462.39,21.65
Turkey Creek,TC,06/21/21,R,E484Q,,50,0,0.46,0,0,,16739,0,0621.TC-1,2333.33,Negative,Composite,,,,C9,1544.68,0
Turkey Creek,TC,06/21/21,R,L452wt,,50,0.31,0.99,0.05,1031.01,,16739,2,0621.TC-1,1347.23,Negative,Composite,,,,C9,3302.74,156.19
Turkey Creek,TC,06/21/21,R,E484wt,,50,0.31,0.99,0.05,1031.01,,16739,2,0621.TC-1,1643.27,Negative,Composite,,,,C9,3302.74,156.19
Turkey Creek,TC,06/21/21,R,L452R,,50,0,0.46,0,0,,16847,0,0621.TC-2,1591.73,Negative,Composite,,,,D9,1535.23,0
Turkey Creek,TC,06/21/21,R,E484Q,,50,0,0.46,0,0,,16847,0,0621.TC-2,2333.33,Negative,Composite,,,,D9,1535.23,0
Turkey Creek,TC,06/21/21,R,L452wt,,50,1.38,2.51,0.66,4610.19,,16847,9,0621.TC-2,1347.23,Positive,Composite,,,,D9,8353.42,2198.24
Turkey Creek,TC,06/21/21,R,E484wt,,50,0.31,0.98,0.05,1024.27,,16847,2,0621.TC-2,1643.27,Negative,Composite,,,,D9,3281.18,155.17
Upper Brays,UB,06/21/21,R,L452R,,50,0.28,0.89,0.04,927.18,,18622,2,0621.UB-1,1591.73,Negative,Composite,,,,G9,2970.12,140.46
Upper Brays,UB,06/21/21,R,E484Q,,50,0,0.42,0,0,,18622,0,0621.UB-1,2333.33,Negative,Composite,,,,G9,1389.11,0
Upper Brays,UB,06/21/21,R,L452wt,,50,1.39,2.45,0.69,4634.93,,18622,10,0621.UB-1,1347.23,Positive,Composite,,,,G9,8165.63,2307.42
Upper Brays,UB,06/21/21,R,E484wt,,50,1.39,2.45,0.69,4634.93,,18622,10,0621.UB-1,1643.27,Positive,Composite,,,,G9,8165.63,2307.42
Upper Brays,UB,06/21/21,R,L452R,,50,0.51,1.2,0.15,1701.42,,20299,4,0621.UB-2,1591.73,Positive,Composite,,,,H9,4012.05,513.37
Upper Brays,UB,06/21/21,R,E484Q,,50,0,0.38,0,0,,20299,0,0621.UB-2,2333.33,Negative,Composite,,,,H9,1274.58,0
Upper Brays,UB,06/21/21,R,L452wt,,50,1.79,2.9,1,5953.49,,20299,14,0621.UB-2,1347.23,Positive,Composite,,,,H9,9666.29,3341.1
Upper Brays,UB,06/21/21,R,E484wt,,50,1.79,2.9,1,5953.49,,20299,14,0621.UB-2,1643.27,Positive,Composite,,,,H9,9666.29,3341.1
W.C.I.D. # 111,111,06/21/21,R,L452R,,50,0,0.48,0,0,,16261,0,0621.111-1,1591.73,Negative,Composite,,,,E1,1595.5,0
W.C.I.D. # 111,111,06/21/21,R,E484Q,,50,0,0.48,0,0,,16261,0,0621.111-1,2333.33,Negative,Composite,,,,E1,1595.5,0
W.C.I.D. # 111,111,06/21/21,R,L452wt,,50,0,0.48,0,0,,16261,0,0621.111-1,1347.23,Negative,Composite,,,,E1,1595.5,0
W.C.I.D. # 111,111,06/21/21,R,E484wt,,50,0,0.48,0,0,,16261,0,0621.111-1,1643.27,Negative,Composite,,,,E1,1595.5,0
W.C.I.D. # 111,111,06/21/21,R,L452R,,50,0,0.42,0,0,,18545,0,0621.111-2,1591.73,Negative,Composite,,,,F1,1398.05,0
W.C.I.D. # 111,111,06/21/21,R,E484Q,,50,0,0.42,0,0,,18545,0,0621.111-2,2333.33,Negative,Composite,,,,F1,1398.05,0
W.C.I.D. # 111,111,06/21/21,R,L452wt,,50,0,0.42,0,0,,18545,0,0621.111-2,1347.23,Negative,Composite,,,,F1,1398.05,0
W.C.I.D. # 111,111,06/21/21,R,E484wt,,50,0,0.42,0,0,,18545,0,0621.111-2,1643.27,Negative,Composite,,,,F1,1398.05,0
W.C.I.D. # 47,47,06/21/21,R,L452R,,50,0.31,0.98,0.05,1017.09,,16968,2,0621.47-1,1591.73,Negative,Composite,,,,C2,3258.16,154.08
W.C.I.D. # 47,47,06/21/21,R,E484Q,,50,0,0.46,0,0,,16968,0,0621.47-1,2333.33,Negative,Composite,,,,C2,1523.82,0
W.C.I.D. # 47,47,06/21/21,R,L452wt,,50,0,0.46,0,0,,16968,0,0621.47-1,1347.23,Negative,Composite,,,,C2,1523.82,0
W.C.I.D. # 47,47,06/21/21,R,E484wt,,50,0,0.46,0,0,,16968,0,0621.47-1,1643.27,Negative,Composite,,,,C2,1523.82,0
W.C.I.D. # 47,47,06/21/21,R,L452R,,50,2.13,3.36,1.25,7102.61,,19443,16,0621.47-2,1591.73,Positive,Composite,,,,D2,11200.81,4152.54
W.C.I.D. # 47,47,06/21/21,R,E484Q,,50,0,0.4,0,0,,19443,0,0621.47-2,2333.33,Negative,Composite,,,,D2,1330.61,0
W.C.I.D. # 47,47,06/21/21,R,L452wt,,50,0,0.4,0,0,,19443,0,0621.47-2,1347.23,Negative,Composite,,,,D2,1330.61,0
W.C.I.D. # 47,47,06/21/21,R,E484wt,,50,0,0.4,0,0,,19443,0,0621.47-2,1643.27,Negative,Composite,,,,D2,1330.61,0
W.C.I.D. #76,76,06/21/21,R,L452R,,50,0,0.42,0,0,,18391,0,0621.76-1,1591.73,Negative,Composite,,,,G2,1413.65,0
W.C.I.D. #76,76,06/21/21,R,E484Q,,50,0,0.42,0,0,,18391,0,0621.76-1,2333.33,Negative,Composite,,,,G2,1413.65,0
W.C.I.D. #76,76,06/21/21,R,L452wt,,50,0,0.42,0,0,,18391,0,0621.76-1,1347.23,Negative,Composite,,,,G2,1413.65,0
W.C.I.D. #76,76,06/21/21,R,E484wt,,50,0,0.42,0,0,,18391,0,0621.76-1,1643.27,Negative,Composite,,,,G2,1413.65,0
W.C.I.D. #76,76,06/21/21,R,L452R,,50,0,0.39,0,0,,19807,0,0621.76-2,1591.73,Negative,Composite,,,,H2,1311.44,0
W.C.I.D. #76,76,06/21/21,R,E484Q,,50,0,0.39,0,0,,19807,0,0621.76-2,2333.33,Negative,Composite,,,,H2,1311.44,0
W.C.I.D. #76,76,06/21/21,R,L452wt,,50,0,0.39,0,0,,19807,0,0621.76-2,1347.23,Negative,Composite,,,,H2,1311.44,0
W.C.I.D. #76,76,06/21/21,R,E484wt,,50,0,0.39,0,0,,19807,0,0621.76-2,1643.27,Negative,Composite,,,,H2,1311.44,0
West District,WD,06/21/21,R,L452R,,50,0.25,0.82,0.04,848.07,,20356,2,0621.WD-1,1591.73,Negative,Composite,,,,C10,2716.67,128.48
West District,WD,06/21/21,R,E484Q,,50,0,0.38,0,0,,20356,0,0621.WD-1,2333.33,Negative,Composite,,,,C10,1270.57,0
West District,WD,06/21/21,R,L452wt,,50,0.76,1.56,0.3,2543.97,,20356,6,0621.WD-1,1347.23,Positive,Composite,,,,C10,5200.68,996.3
West District,WD,06/21/21,R,E484wt,,50,744.59,4175.33,99.93,2481963.09,,20356,2,0621.WD-1,1643.27,Positive,Composite,,,,C10,13917761.64,333113.64
West District,WD,06/21/21,R,L452R,,50,0.13,0.64,0.01,445.92,,19361,1,0621.WD-2,1591.73,Negative,Composite,,,,D10,2129.93,18.73
West District,WD,06/21/21,R,E484Q,,50,0,0.4,0,0,,19361,0,0621.WD-2,2333.33,Negative,Composite,,,,D10,1336.12,0
West District,WD,06/21/21,R,L452wt,,50,1.2,2.18,0.57,4012.46,,19361,9,0621.WD-2,1347.23,Positive,Composite,,,,D10,7270.16,1913.26
West District,WD,06/21/21,R,E484wt,,50,272.7,1680.6,10.89,908992.63,,19361,1,0621.WD-2,1643.27,Positive,Composite,,,,D10,5601991.25,36311.6
West Lake Houston,WL,06/21/21,R,L452R,,50,1.22,2.28,0.55,4066.68,,17118,8,0621.WL-1,1591.73,Positive,Composite,,,,E10,7615.91,1840.95
West Lake Houston,WL,06/21/21,R,E484Q,,50,0,0.46,0,0,,17118,0,0621.WL-1,2333.33,Negative,Composite,,,,E10,1523.46,0
West Lake Houston,WL,06/21/21,R,L452wt,,50,0.61,1.44,0.18,2033.58,,17118,4,0621.WL-1,1347.23,Positive,Composite,,,,E10,4795.43,613.58
West Lake Houston,WL,06/21/21,R,E484wt,,50,0.61,1.44,0.18,2033.58,,17118,4,0621.WL-1,1643.27,Positive,Composite,,,,E10,4795.43,613.58
West Lake Houston,WL,06/21/21,R,L452R,,50,0,0.52,0,0,,15723,0,0621.WL-2,1591.73,Negative,Composite,,,,F10,1720.72,0
West Lake Houston,WL,06/21/21,R,E484Q,,50,0,0.52,0,0,,15723,0,0621.WL-2,2333.33,Negative,Composite,,,,F10,1720.72,0
West Lake Houston,WL,06/21/21,R,L452wt,,50,72.37,79.25,65.51,241240.03,,15723,426,0621.WL-2,1347.23,Positive,Composite,,,,F10,264179.99,218360.96
West Lake Houston,WL,06/21/21,R,E484wt,,50,0,0.52,0,0,,15723,0,0621.WL-2,1643.27,Negative,Composite,,,,F10,1720.72,0
Westway,WW,06/21/21,R,L452R,,50,0,0.59,0,0,,13057,0,0621.WW-1,1591.73,Negative,Composite,,,,A11,1980.75,0
Westway,WW,06/21/21,R,E484Q,,50,0,0.59,0,0,,13057,0,0621.WW-1,2333.33,Negative,Composite,,,,A11,1980.75,0
Westway,WW,06/21/21,R,L452wt,,50,0,0.59,0,0,,13057,0,0621.WW-1,1347.23,Negative,Composite,,,,A11,1980.75,0
Westway,WW,06/21/21,R,E484wt,,50,0,0.59,0,0,,13057,0,0621.WW-1,1643.27,Negative,Composite,,,,A11,1980.75,0
Westway,WW,06/21/21,R,L452R,,50,0,0.57,0,0,,13757,0,0621.WW-2,1591.73,Negative,Composite,,,,B11,1883.61,0
Westway,WW,06/21/21,R,E484Q,,50,0,0.57,0,0,,13757,0,0621.WW-2,2333.33,Negative,Composite,,,,B11,1883.61,0
Westway,WW,06/21/21,R,L452wt,,50,0.19,0.9,0.01,628.62,,13757,1,0621.WW-2,1347.23,Negative,Composite,,,,B11,3002.69,26.4
Westway,WW,06/21/21,R,E484wt,,50,0,0.57,0,0,,13757,0,0621.WW-2,1643.27,Negative,Composite,,,,B11,1883.61,0
White Oak,WO,06/21/21,R,L452R,,50,0,0.42,0,0,,18938,0,0621.WO-1,1591.73,Negative,Composite,,,,G10,1389.56,0
White Oak,WO,06/21/21,R,E484Q,,50,0,0.42,0,0,,18938,0,0621.WO-1,2333.33,Negative,Composite,,,,G10,1389.56,0
White Oak,WO,06/21/21,R,L452wt,,50,0.14,0.66,0.01,463.75,,18938,1,0621.WO-1,1347.23,Negative,Composite,,,,G10,2215.11,19.48
White Oak,WO,06/21/21,R,E484wt,,50,0,0.42,0,0,,18938,0,0621.WO-1,1643.27,Negative,Composite,,,,G10,1389.56,0
White Oak,WO,06/21/21,R,L452R,,50,0,0.4,0,0,,19472,0,0621.WO-2,1591.73,Negative,Composite,,,,H10,1345.65,0
White Oak,WO,06/21/21,R,E484Q,,50,0,0.4,0,0,,19472,0,0621.WO-2,2333.33,Negative,Composite,,,,H10,1345.65,0
White Oak,WO,06/21/21,R,L452wt,,50,0.4,1.07,0.1,1347.23,,19472,3,0621.WO-2,1347.23,Positive,Composite,,,,H10,3571.07,319.72
White Oak,WO,06/21/21,R,E484wt,,50,0,0.4,0,0,,19472,0,0621.WO-2,1643.27,Negative,Composite,,,,H10,1345.65,0
Willowbrook,WB,06/21/21,R,L452R,,50,0,0.44,0,0,,17774,0,0621.WB-1,1591.73,Negative,Composite,,,,A10,1454.45,0
Willowbrook,WB,06/21/21,R,E484Q,,50,0,0.44,0,0,,17774,0,0621.WB-1,2333.33,Negative,Composite,,,,A10,1454.45,0
Willowbrook,WB,06/21/21,R,L452wt,,50,0,0.44,0,0,,17774,0,0621.WB-1,1347.23,Negative,Composite,,,,A10,1454.45,0
Willowbrook,WB,06/21/21,R,E484wt,,50,0,0.44,0,0,,17774,0,0621.WB-1,1643.27,Negative,Composite,,,,A10,1454.45,0
Willowbrook,WB,06/21/21,R,L452R,,50,0,0.45,0,0,,17428,0,0621.WB-2,1591.73,Negative,Composite,,,,B10,1493.36,0
Willowbrook,WB,06/21/21,R,E484Q,,50,0,0.45,0,0,,17428,0,0621.WB-2,2333.33,Negative,Composite,,,,B10,1493.36,0
Willowbrook,WB,06/21/21,R,L452wt,,50,0,0.45,0,0,,17428,0,0621.WB-2,1347.23,Negative,Composite,,,,B10,1493.36,0
Willowbrook,WB,06/21/21,R,E484wt,,50,0,0.45,0,0,,17428,0,0621.WB-2,1643.27,Negative,Composite,,,,B10,1493.36,0
