Sample_name,assay_variable,Copy #,Positives,Negatives,Accepted Droplets,Label_tube,Tube ID,biological_replicates,Target,Status,Experiment,SampleType,TargetType,Supermix,DyeName(s),CopiesPer20uLWell,TotalConfMax,TotalConfMin,PoissonConfMax,PoissonConfMin,Ch1+Ch2+,Ch1+Ch2-,Ch1-Ch2+,Ch1-Ch2-,Linkage,CNV,TotalCNVMax,TotalCNVMin,PoissonCNVMax,PoissonCNVMin,ReferenceCopies,UnknownCopies,Threshold1,Threshold2,Threshold3,ReferenceUsed,Ratio,TotalRatioMax,TotalRatioMin,PoissonRatioMax,PoissonRatioMin,Fractional Abundance,TotalFractionalAbundanceMax,TotalFractionalAbundanceMin,PoissonFractionalAbundanceMax,PoissonFractionalAbundanceMin,MeanAmplitudeOfPositives,MeanAmplitudeOfNegatives,MeanAmplitudeTotal,ExperimentComments,MergedWells,TotalConfidenceMax68,TotalConfidenceMin68,PoissonConfidenceMax68,PoissonConfidenceMin68,TotalCNVMax68,TotalCNVMin68,PoissonCNVMax68,PoissonCNVMin68,TotalRatioMax68,TotalRatioMin68,PoissonRatioMax68,PoissonRatioMin68,TotalFractionalAbundanceMax68,TotalFractionalAbundanceMin68,PoissonFractionalAbundanceMax68,PoissonFractionalAbundanceMin68,template_vol,ExptType,FractionalAbundance,ReferenceAssayNumber,TargetAssayNumber,Threshold,MeanAmplitudeofPositives,MeanAmplitudeofNegatives,TotalConfMax68,TotalConfMin68,PoissonConfMax68,PoissonConfMin68,CT
PEG,DI,,0,9473,9473,PEGDI3,DI3,3,N2_multiplex,CHECK,DQ,Unknown,Unknown,One-Step RT-ddPCR Kit for Probes,FAM,,,,,,0,0,2,9471,0,,,,,,,,2232.203369,,,,,,,,,,,,,,0,1819.722149,1819.722149,Rare Event Detection Experiment,,,,,,,,,,,,,,,,,,9.09090909090909,,,,,,,,,,,,
PEG,DI,,2,9471,9473,PEGDI3,DI3,3,N1_multiplex,CHECK,DQ,Unknown,Unknown,One-Step RT-ddPCR Kit for Probes,VIC,,,,,,0,0,2,9471,0,,,,,,,,1122.75769,,,,,,,,,,,,,,6136.684814,805.2467201,806.3723272,Rare Event Detection Experiment,,,,,,,,,,,,,,,,,,9.09090909090909,,,,,,,,,,,,
PEG,DI,3.69461383775,7,12256,12263,PEGDI3,DI3,3,BCoV2,OK,DQ,Unknown,Unknown,One-Step RT-ddPCR Kit for Probes,FAM,13.43495941,,,1.308535218,0.2853500545,0,0,0,0,,,,,,,,,3110.88208,,,,,,,,,,,,,,7266.328544,2749.353748,2751.93214,Rare Event Detection Experiment,,,,0.960909605,0.4474374652,,,,,,,,,,,,,3.63636363636364,,,,,,,,,,,,
NTC,NTC,0.19274194841,1,13428,13429,NTC0,0,"",N2_multiplex,OK,DQ,Unknown,Unknown,One-Step RT-ddPCR Kit for Probes,FAM,1.752199531,,,0.4184841216,0.003679487854,1,0,1,13427,0.08760997437,,,,,,,,2226.029785,,,N1,0.4999813764,,,1.90820918,0,33.33250561,,,95.92196218,0,11991.80664,1826.163024,1826.920016,Rare Event Detection Experiment,,,,0.2180733383,0.02374165878,,,,,,,1.167800485,0,,,63.01409189,3.650919318,9.09090909090909,,,,,,,,,,,,
NTC,NTC,0.38549824236,2,13427,13429,NTC0,0,"",N1_multiplex,OK,DQ,Unknown,Unknown,One-Step RT-ddPCR Kit for Probes,VIC,3.504529476,,,0.5613425374,0.0265451353,1,0,1,13427,0.08760997437,,,,,,,,1160.997681,,,,,,,,,,,,,,3944.275818,859.936796,860.396151,Rare Event Detection Experiment,,,,0.3368960321,0.07604508102,,,,,,,,,,,,,9.09090909090909,,,,,,,,,,,,
NTC,NTC,2.74724600315,5,11774,11779,NTC0,0,"",BCoV2,OK,DQ,Unknown,Unknown,One-Step RT-ddPCR Kit for Probes,FAM,9.989985466,,,1.085682273,0.1755997688,0,0,0,0,,,,,,,,,3058.284424,,,,,,,,,,,,,,5092.309668,2710.056047,2711.067277,Rare Event Detection Experiment,,,,0.7608218789,0.3062677979,,,,,,,,,,,,,3.63636363636364,,,,,,,,,,,,
NTC,NTC,0.2139656365,1,12096,12097,NTC0,0,"",N2_multiplex,OK,DQ,Unknown,Unknown,One-Step RT-ddPCR Kit for Probes,FAM,1.94514215,,,0.4645724595,0.004084636923,0,1,4,12092,0,,,,,,,,2262.465332,,,N1,0.2499689971,,,0.8951516173,0,19.99801577,,,61.29175179,0,12179.15234,1848.306113,1849.160113,Rare Event Detection Experiment,,,,0.2420878559,0.02635588124,,,,,,,0.5552786536,0,,,39.53880308,0.4572284527,9.09090909090909,,,,,,,,,,,,
NTC,NTC,0.85596870898,4,12093,12097,NTC0,0,"",N1_multiplex,OK,DQ,Unknown,Unknown,One-Step RT-ddPCR Kit for Probes,VIC,7.781533718,,,0.9175515175,0.1173903346,0,1,4,12092,0,,,,,,,,1174.842163,,,,,,,,,,,,,,6720.158813,870.4346595,872.3689322,Rare Event Detection Experiment,,,,0.621514082,0.2234115452,,,,,,,,,,,,,9.09090909090909,,,,,,,,,,,,
NTC,NTC,3.05762414925,7,14810,14817,NTC0,0,"",BCoV2,OK,DQ,Unknown,Unknown,One-Step RT-ddPCR Kit for Probes,FAM,11.11863327,,,1.082879663,0.2361594588,0,0,0,0,,,,,,,,,3008.811279,,,,,,,,,,,,,,4415.273891,2716.020835,2716.823614,Rare Event Detection Experiment,,,,0.795222044,0.37030074,,,,,,,,,,,,,3.63636363636364,,,,,,,,,,,,
PEG,DI,0.18112846609,1,14289,14290,PEGDI1,DI1,1,N2_multiplex,OK,DQ,Unknown,Unknown,One-Step RT-ddPCR Kit for Probes,FAM,1.646622419,,,0.3932653964,0.003457791405,1,0,8,14281,0.08233112175,,,,,,,,2288.002441,,,N1,0.1110800073,,,0.384298035,0,9.997480521,,,32.12937984,0,11090.85938,1896.737404,1897.3808,Rare Event Detection Experiment,,,,0.2049328536,0.02231116593,,,,,,,0.23979599099999999,0,,,20.42405894,0,9.09090909090909,,,,,,,,,,,,
PEG,DI,1.6306126595,9,14281,14290,PEGDI1,DI1,1,N1_multiplex,OK,DQ,Unknown,Unknown,One-Step RT-ddPCR Kit for Probes,VIC,14.82375145,,,1.343046069,0.353405863,1,0,8,14281,0.08233112175,,,,,,,,1151.618652,,,,,,,,,,,,,,5320.613987,851.6967851,854.5113586,Rare Event Detection Experiment,,,,1.017687798,0.5200177431,,,,,,,,,,,,,9.09090909090909,,,,,,,,,,,,
NTC,NTC,0.20624210596,1,12549,12550,NTC0,0,"",N2_multiplex,OK,DQ,Unknown,Unknown,One-Step RT-ddPCR Kit for Probes,FAM,1.874928236,,,0.4478002191,0.00393719878,1,0,8,12541,0.09374640557,,,,,,,,2242.388428,,,N1,0.1110756879,,,0.3842889124,0,9.997130631,,,32.12881294,0,12003.54102,1840.160955,1840.970786,Rare Event Detection Experiment,,,,0.2333486676,0.02540453896,,,,,,,0.2397881773,0,,,20.42350706,0,9.09090909090909,,,,,,,,,,,,
NTC,NTC,1.8567707444,9,12541,12550,NTC0,0,"",N1_multiplex,OK,DQ,Unknown,Unknown,One-Step RT-ddPCR Kit for Probes,VIC,16.87973404,,,1.529374361,0.4024123549,1,0,8,12541,0.09374640557,,,,,,,,1161.360596,,,,,,,,,,,,,,6152.218411,863.7332132,867.5257524,Rare Event Detection Experiment,,,,1.158855081,0.5921339989,,,,,,,,,,,,,9.09090909090909,,,,,,,,,,,,
PEG,DI,,0,12535,12535,PEGDI1,DI1,1,BCoV2,CHECK,DQ,Unknown,Unknown,One-Step RT-ddPCR Kit for Probes,FAM,,,,,,0,0,0,0,,,,,,,,,,,,,,,,,,,,,,,0,2753.875023,2753.875023,Rare Event Detection Experiment,,,,,,,,,,,,,,,,,,3.63636363636364,,,,,,,,,,,,
NTC,NTC,,0,13609,13609,NTC0,0,"",BCoV2,CHECK,DQ,Unknown,Unknown,One-Step RT-ddPCR Kit for Probes,FAM,,,,,,0,0,0,0,,,,,,,,,,,,,,,,,,,,,,,0,2759.837853,2759.837853,Rare Event Detection Experiment,,,,,,,,,,,,,,,,,,3.63636363636364,,,,,,,,,,,,
PEG,DI,0.50754685399,3,15297,15300,PEGDI2,DI2,2,N2_multiplex,OK,DQ,Unknown,Unknown,One-Step RT-ddPCR Kit for Probes,FAM,4.614062309,,,0.6115391254,0.05474944785,0,3,4,15293,0,,,,,,,,2294.291016,,,N1,0.7499754162,,,1.938970025,0,42.85634011,,,81.68174469,4.030935525,10601.90397,1897.75396,1899.460657,Rare Event Detection Experiment,,,,0.3949913383,0.1198830754,,,,,,,1.339177881,0.1607729515,,,62.09614482,23.6165354,9.09090909090909,,,,,,,,,,,,
PEG,DI,0.67675130842,4,15296,15300,PEGDI2,DI2,2,N1_multiplex,OK,DQ,Unknown,Unknown,One-Step RT-ddPCR Kit for Probes,VIC,6.152284622,,,0.7254061699,0.09281411767,0,3,4,15293,0,,,,,,,,,,,,,,,,,,,,,,6767.217651,855.6184021,857.1639182,Rare Event Detection Experiment,,,,0.4913751781,0.1766376346,,,,,,,,,,,,,9.09090909090909,,,,,,,,,,,,
NTC,NTC,0.44701819415,2,11579,11581,NTC0,0,"",N2_multiplex,OK,DQ,Unknown,Unknown,One-Step RT-ddPCR Kit for Probes,FAM,4.063801765,,,0.6509416699,0.03078104369,1,1,2,11577,0.1015731016,,,,,,,,2253.827637,,,N1,0.6666379202,,,1.963623838,0,39.99896511,,,86.69206883,0,10873.49463,1839.890997,1841.451071,Rare Event Detection Experiment,,,,0.3906640708,0.08818017691,,,,,,,1.302418358,0.03085748215,,,62.88785044,17.11007978,9.09090909090909,,,,,,,,,,,,
NTC,NTC,0.67055619235,3,11578,11581,NTC0,0,"",N1_multiplex,OK,DQ,Unknown,Unknown,One-Step RT-ddPCR Kit for Probes,VIC,6.095965385,,,0.8079898357,0.07233164459,1,1,2,11577,0.1015731016,,,,,,,,1160.824707,,,,,,,,,,,,,,2978.993449,861.6008074,862.1493074,Rare Event Detection Experiment,,,,0.5218628645,0.1583836675,,,,,,,,,,,,,9.09090909090909,,,,,,,,,,,,
PEG,DI,10.9796905515,17,10010,10027,PEGDI2,DI2,2,BCoV2,OK,DQ,Unknown,Unknown,One-Step RT-ddPCR Kit for Probes,FAM,39.92614746,,,3.109133005,1.18762958,0,0,0,0,,,,,,,,,3056.380615,,,,,,,,,,,,,,3628.750388,2726.041935,2727.572407,Rare Event Detection Experiment,,,,2.520723343,1.550367236,,,,,,,,,,,,,3.63636363636364,,,,,,,,,,,,
NTC,NTC,,0,13076,13076,NTC0,0,"",BCoV2,CHECK,DQ,Unknown,Unknown,One-Step RT-ddPCR Kit for Probes,FAM,,,,,,0,0,0,0,,,,,,,,,,,,,,,,,,,,,,,0,2700.263751,2700.263751,Rare Event Detection Experiment,,,,,,,,,,,,,,,,,,3.63636363636364,,,,,,,,,,,,
HA,DI,0.176,1,14205,14206,HADI1,DI1,1,N2_multiplex,Manual,RED,,Ch1Unknown,One-Step RT-ddPCR Kit for Probes,,1.6,,,0.4,0,0,1,5,14200,0,,,,,,,,,,,,0.2,,,0.71,0,,,,52,0,,,2088.4,Rare Event Detection Experiment,,,,,,,,,,,,0.44,0,,,33,0,9.09090909090909,Rare Event Detection,17,1,1,4034,5192.7,2088.2,,,0.21,0.02,
HA,DI,0.308,2,16238,16240,HADI2,DI2,2,N2_multiplex,Manual,RED,,Ch1Unknown,One-Step RT-ddPCR Kit for Probes,,2.8,,,0.46,0.02,0,2,5,16233,0,,,,,,,,,,,,0.4,,,1.1,0,,,,65,0,,,2071.7,Rare Event Detection Experiment,,,,,,,,,,,,0.75,0.05,,,46,11,9.09090909090909,Rare Event Detection,29,1,1,4034,10205,2070.7,,,0.28,0.06,
HA,DI,0.352,2,14512,14514,HADI3,DI3,3,N2_multiplex,Manual,RED,,Ch1Unknown,One-Step RT-ddPCR Kit for Probes,,3.2,,,0.52,0.02,0,2,5,14507,0,,,,,,,,,,,,0.4,,,1.1,0,,,,65,0,,,2055.1,Rare Event Detection Experiment,,,,,,,,,,,,0.75,0.05,,,46,11,9.09090909090909,Rare Event Detection,29,1,1,4034,7209.5,2054.4,,,0.31,0.07,
D,DI,0.352,2,15097,15099,DDI1,DI1,1,N2_multiplex,Manual,RED,,Ch1Unknown,One-Step RT-ddPCR Kit for Probes,,3.2,,,0.5,0.02,0,2,5,15092,0,,,,,,,,,,,,0.4,,,1.1,0,,,,65,0,,,2020.5,Rare Event Detection Experiment,,,,,,,,,,,,0.75,0.05,,,46,11,9.09090909090909,Rare Event Detection,29,1,1,4034,10405,2019.4,,,0.3,0.07,
D,DI,0.484,3,15836,15839,DDI2,DI2,2,N2_multiplex,Manual,RED,,Ch1Unknown,One-Step RT-ddPCR Kit for Probes,,4.4,,,0.59,0.05,0,3,2,15834,0,,,,,,,,,,,,1.5,,,4.4,0,,,,107,13,,,2035.7,Rare Event Detection Experiment,,,,,,,,,,,,2.9,0.1,,,83,37,9.09090909090909,Rare Event Detection,60,1,1,4034,9468.2,2034.3,,,0.38,0.12,
D,DI,0,0,15160,15160,DDI3,DI3,3,N2_multiplex,Manual,RED,,Ch1Unknown,One-Step RT-ddPCR Kit for Probes,,0,,,0.23,0,0,0,2,15158,0,,,,,,,,,,,,,,,,,,,,,,,,2038.6,Rare Event Detection Experiment,,,,,,,,,,,,,,,,,,9.09090909090909,Rare Event Detection,,1,1,4034,0,2038.6,,,0.11,0,
UF,DI,0.374,2,14066,14068,UFDI1,DI1,1,N2_multiplex,Manual,RED,,Ch1Unknown,One-Step RT-ddPCR Kit for Probes,,3.4,,,0.54,0.03,0,2,5,14061,0,,,,,,,,,,,,0.4,,,1.1,0,,,,65,0,,,2254.6,Rare Event Detection Experiment,,,,,,,,,,,,0.75,0.05,,,46,11,9.09090909090909,Rare Event Detection,29,1,1,4034,11460,2253.3,,,0.32,0.07,
UF,DI,0,0,13900,13900,UFDI2,DI2,2,N2_multiplex,Manual,RED,,Ch1Unknown,One-Step RT-ddPCR Kit for Probes,,0,,,0.25,0,0,0,7,13893,0,,,,,,,,,,,,,,,,,,,,,,,,2074.6,Rare Event Detection Experiment,,,,,,,,,,,,,,,,,,9.09090909090909,Rare Event Detection,,1,1,4034,0,2074.6,,,0.12,0,
UF,DI,0.352,2,14771,14773,UFDI3,DI3,3,N2_multiplex,Manual,RED,,Ch1Unknown,One-Step RT-ddPCR Kit for Probes,,3.2,,,0.51,0.02,0,2,2,14769,0,,,,,,,,,,,,1,,,3.2,0,,,,100,0,,,2073.2,Rare Event Detection Experiment,,,,,,,,,,,,2.1,0,,,76,24,9.09090909090909,Rare Event Detection,50,1,1,4034,9573.1,2072.2,,,0.31,0.07,
E,DI,0.198,1,13200,13201,EDI1,DI1,1,N2_multiplex,Manual,RED,,Ch1Unknown,One-Step RT-ddPCR Kit for Probes,,1.8,,,0.43,0,0,1,0,13200,0,,,,,,,,,,,,,,,,,,,,,,,,2048.2,Rare Event Detection Experiment,,,,,,,,,,,,,,,,,,9.09090909090909,Rare Event Detection,,1,1,4034,9756.5,2047.6,,,0.22,0.02,
E,DI,0,0,12258,12258,EDI2,DI2,2,N2_multiplex,Manual,RED,,Ch1Unknown,One-Step RT-ddPCR Kit for Probes,,0,,,0.29,0,0,0,8,12250,0,,,,,,,,,,,,,,,,,,,,,,,,2079.7,Rare Event Detection Experiment,,,,,,,,,,,,,,,,,,9.09090909090909,Rare Event Detection,,1,1,4034,0,2079.7,,,0.13,0,
E,DI,0,0,9127,9127,EDI3,DI3,3,N2_multiplex,Manual,RED,,Ch1Unknown,One-Step RT-ddPCR Kit for Probes,,0,,,0.39,0,0,0,2,9125,0,,,,,,,,,,,,,,,,,,,,,,,,2021.4,Rare Event Detection Experiment,,,,,,,,,,,,,,,,,,9.09090909090909,Rare Event Detection,,1,1,4034,0,2021.4,,,0.18,0,
HA,DI,0.902,5,14201,14206,HADI1,DI1,1,N1_multiplex,Manual,RED,,Ch2Unknown,One-Step RT-ddPCR Kit for Probes,,8.2,,,0.9,0.15,0,1,5,14200,0,,,,,,,,,,,,0.2,,,0.71,0,,,,52,0,,,937.03,Rare Event Detection Experiment,,,,,,,,,,,,0.44,0,,,33,0,9.09090909090909,Rare Event Detection,17,1,1,2003,6316.2,935.13,,,0.63,0.25,
HA,DI,0.792,5,16235,16240,HADI2,DI2,2,N1_multiplex,Manual,RED,,Ch2Unknown,One-Step RT-ddPCR Kit for Probes,,7.2,,,0.79,0.13,0,2,5,16233,0,,,,,,,,,,,,0.4,,,1.1,0,,,,65,0,,,934.25,Rare Event Detection Experiment,,,,,,,,,,,,0.75,0.05,,,46,11,9.09090909090909,Rare Event Detection,29,1,1,2003,6383.5,932.57,,,0.55,0.22,
HA,DI,0.902,5,14509,14514,HADI3,DI3,3,N1_multiplex,Manual,RED,,Ch2Unknown,One-Step RT-ddPCR Kit for Probes,,8.2,,,0.88,0.14,0,2,5,14507,0,,,,,,,,,,,,0.4,,,1.1,0,,,,65,0,,,932.19,Rare Event Detection Experiment,,,,,,,,,,,,0.75,0.05,,,46,11,9.09090909090909,Rare Event Detection,29,1,1,2003,5999.3,930.45,,,0.62,0.25,
D,DI,0.858,5,15094,15099,DDI1,DI1,1,N1_multiplex,Manual,RED,,Ch2Unknown,One-Step RT-ddPCR Kit for Probes,,7.8,,,0.85,0.14,0,2,5,15092,0,,,,,,,,,,,,0.4,,,1.1,0,,,,65,0,,,918.81,Rare Event Detection Experiment,,,,,,,,,,,,0.75,0.05,,,46,11,9.09090909090909,Rare Event Detection,29,1,1,2003,6387.6,916.99,,,0.59,0.24,
D,DI,0.33,2,15837,15839,DDI2,DI2,2,N1_multiplex,Manual,RED,,Ch2Unknown,One-Step RT-ddPCR Kit for Probes,,3,,,0.48,0.02,0,3,2,15834,0,,,,,,,,,,,,1.5,,,4.4,0,,,,107,13,,,927.48,Rare Event Detection Experiment,,,,,,,,,,,,2.9,0.1,,,83,37,9.09090909090909,Rare Event Detection,60,1,1,2003,6220.9,926.81,,,0.29,0.06,
D,DI,0.352,2,15158,15160,DDI3,DI3,3,N1_multiplex,Manual,RED,,Ch2Unknown,One-Step RT-ddPCR Kit for Probes,,3.2,,,0.5,0.02,0,0,2,15158,0,,,,,,,,,,,,,,,,,,,,,,,,929.22,Rare Event Detection Experiment,,,,,,,,,,,,,,,,,,9.09090909090909,Rare Event Detection,,1,1,2003,6151.9,928.54,,,0.3,0.07,
UF,DI,0.924,5,14063,14068,UFDI1,DI1,1,N1_multiplex,Manual,RED,,Ch2Unknown,One-Step RT-ddPCR Kit for Probes,,8.4,,,0.91,0.15,0,2,5,14061,0,,,,,,,,,,,,0.4,,,1.1,0,,,,65,0,,,1058.7,Rare Event Detection Experiment,,,,,,,,,,,,0.75,0.05,,,46,11,9.09090909090909,Rare Event Detection,29,1,1,2003,6692.8,1056.7,,,0.64,0.26,
UF,DI,1.298,7,13893,13900,UFDI2,DI2,2,N1_multiplex,Manual,RED,,Ch2Unknown,One-Step RT-ddPCR Kit for Probes,,11.8,,,1.15,0.25,0,0,7,13893,0,,,,,,,,,,,,,,,,,,,,,,,,949.94,Rare Event Detection Experiment,,,,,,,,,,,,,,,,,,9.09090909090909,Rare Event Detection,,1,1,2003,6189.8,947.3,,,0.85,0.39,
UF,DI,0.352,2,14771,14773,UFDI3,DI3,3,N1_multiplex,Manual,RED,,Ch2Unknown,One-Step RT-ddPCR Kit for Probes,,3.2,,,0.51,0.02,0,2,2,14769,0,,,,,,,,,,,,1,,,3.2,0,,,,100,0,,,945.11,Rare Event Detection Experiment,,,,,,,,,,,,2.1,0,,,76,24,9.09090909090909,Rare Event Detection,50,1,1,2003,4720.4,944.6,,,0.31,0.07,
E,DI,0,0,13201,13201,EDI1,DI1,1,N1_multiplex,Manual,RED,,Ch2Unknown,One-Step RT-ddPCR Kit for Probes,,0,,,0.27,0,0,1,0,13200,0,,,,,,,,,,,,,,,,,,,,,,,,941.29,Rare Event Detection Experiment,,,,,,,,,,,,,,,,,,9.09090909090909,Rare Event Detection,,1,1,2003,0,941.29,,,0.12,0,
E,DI,1.76,8,12250,12258,EDI2,DI2,2,N1_multiplex,Manual,RED,,Ch2Unknown,One-Step RT-ddPCR Kit for Probes,,16,,,1.4,0.3,0,0,8,12250,0,,,,,,,,,,,,,,,,,,,,,,,,968.45,Rare Event Detection Experiment,,,,,,,,,,,,,,,,,,9.09090909090909,Rare Event Detection,,1,1,2003,6121.4,965.09,,,1.07,0.53,
E,DI,0.572,2,9125,9127,EDI3,DI3,3,N1_multiplex,Manual,RED,,Ch2Unknown,One-Step RT-ddPCR Kit for Probes,,5.2,,,0.83,0.04,0,0,2,9125,0,,,,,,,,,,,,,,,,,,,,,,,,928.64,Rare Event Detection Experiment,,,,,,,,,,,,,,,,,,9.09090909090909,Rare Event Detection,,1,1,2003,6203.1,927.49,,,0.5,0.11,
HA,DI,34.1,81,15442,15523,HADI1,DI1,1,BCoV2,OK,RED,,Ch1Unknown,One-Step RT-ddPCR Kit for Probes,,124,,,7.6,4.9,,,,,,,,,,,,,,,,,,,,,,,,,,,,,3104.5,Rare Event Detection Experiment,,,,,,,,,,,,,,,,,,3.63636363636364,Rare Event Detection,,1,1,3732,12570,3054.8,,,6.9,5.5,
HA,DI,40.7,98,15459,15557,HADI2,DI2,2,BCoV2,OK,RED,,Ch1Unknown,One-Step RT-ddPCR Kit for Probes,,148,,,9,6.1,,,,,,,,,,,,,,,,,,,,,,,,,,,,,2905.3,Rare Event Detection Experiment,,,,,,,,,,,,,,,,,,3.63636363636364,Rare Event Detection,,1,1,3484,12267,2846,,,8.2,6.7,
HA,DI,50.6,137,17492,17629,HADI3,DI3,3,BCoV2,OK,RED,,Ch1Unknown,One-Step RT-ddPCR Kit for Probes,,184,,,10.7,7.6,,,,,,,,,,,,,,,,,,,,,,,,,,,,,2828,Rare Event Detection Experiment,,,,,,,,,,,,,,,,,,3.63636363636364,Rare Event Detection,,1,1,3305,12416,2752.9,,,10,8.4,
D,DI,2.145,5,14951,14956,DDI1,DI1,1,BCoV2,OK,RED,,Ch1Unknown,One-Step RT-ddPCR Kit for Probes,,7.8,,,0.85,0.14,,,,,,,,,,,,,,,,,,,,,,,,,,,,,2696.6,Rare Event Detection Experiment,,,,,,,,,,,,,,,,,,3.63636363636364,Rare Event Detection,,1,1,3244,10953,2693.9,,,0.6,0.24,
D,DI,1.65,4,15790,15794,DDI2,DI2,2,BCoV2,OK,RED,,Ch1Unknown,One-Step RT-ddPCR Kit for Probes,,6,,,0.7,0.09,,,,,,,,,,,,,,,,,,,,,,,,,,,,,2780.3,Rare Event Detection Experiment,,,,,,,,,,,,,,,,,,3.63636363636364,Rare Event Detection,,1,1,3314,10689,2778.3,,,0.48,0.17,
D,DI,3.3,8,15600,15608,DDI3,DI3,3,BCoV2,OK,RED,,Ch1Unknown,One-Step RT-ddPCR Kit for Probes,,12,,,1.13,0.27,,,,,,,,,,,,,,,,,,,,,,,,,,,,,2638.3,Rare Event Detection Experiment,,,,,,,,,,,,,,,,,,3.63636363636364,Rare Event Detection,,1,1,3143,12319,2633.3,,,0.84,0.41,
UF,DI,2.75,6,14044,14050,UFDI1,DI1,1,BCoV2,OK,RED,,Ch1Unknown,One-Step RT-ddPCR Kit for Probes,,10,,,1.03,0.2,,,,,,,,,,,,,,,,,,,,,,,,,,,,,2566.1,Rare Event Detection Experiment,,,,,,,,,,,,,,,,,,3.63636363636364,Rare Event Detection,,1,1,3079,12024,2562.1,,,0.74,0.32,
UF,DI,3.355,8,15328,15336,UFDI2,DI2,2,BCoV2,OK,RED,,Ch1Unknown,One-Step RT-ddPCR Kit for Probes,,12.2,,,1.15,0.28,,,,,,,,,,,,,,,,,,,,,,,,,,,,,2589.3,Rare Event Detection Experiment,,,,,,,,,,,,,,,,,,3.63636363636364,Rare Event Detection,,1,1,3053,12046,2584.3,,,0.86,0.42,
UF,DI,4.4,9,13481,13490,UFDI3,DI3,3,BCoV2,OK,RED,,Ch1Unknown,One-Step RT-ddPCR Kit for Probes,,16,,,1.4,0.4,,,,,,,,,,,,,,,,,,,,,,,,,,,,,2562.9,Rare Event Detection Experiment,,,,,,,,,,,,,,,,,,3.63636363636364,Rare Event Detection,,1,1,3023,11126,2557.2,,,1.08,0.55,
E,DI,0,0,14682,14682,EDI1,DI1,1,BCoV2,OK,RED,,Ch1Unknown,One-Step RT-ddPCR Kit for Probes,,0,,,0.24,0,,,,,,,,,,,,,,,,,,,,,,,,,,,,,2621.4,Rare Event Detection Experiment,,,,,,,,,,,,,,,,,,3.63636363636364,Rare Event Detection,,1,1,3123,0,2621.4,,,0.11,0,
E,DI,0.44,1,14980,14981,EDI2,DI2,2,BCoV2,OK,RED,,Ch1Unknown,One-Step RT-ddPCR Kit for Probes,,1.6,,,0.38,0,,,,,,,,,,,,,,,,,,,,,,,,,,,,,2595.1,Rare Event Detection Experiment,,,,,,,,,,,,,,,,,,3.63636363636364,Rare Event Detection,,1,1,3082,4888,2595,,,0.2,0.02,
E,DI,0.715,2,18534,18536,EDI3,DI3,3,BCoV2,OK,RED,,Ch1Unknown,One-Step RT-ddPCR Kit for Probes,,2.6,,,0.41,0.02,,,,,,,,,,,,,,,,,,,,,,,,,,,,,2600.3,Rare Event Detection Experiment,,,,,,,,,,,,,,,,,,3.63636363636364,Rare Event Detection,,1,1,3054,11097,2599.4,,,0.24,0.06,
NTC,NTC,18.400460815,39,13695,13734,NTC0,0,"",BCoV2,OK,DQ,Unknown,Unknown,One-Step RT-ddPCR Kit for Probes,FAM,66.9107666,,,4.513224125,2.399587631,0,0,0,0,,,,,,,,,3454.186768,,,,,,,,,,,,,,11412.53184,3062.774484,3086.485023,Rare Event Detection Experiment,,,,3.909296989,2.838979006,,,,,,,,,,,,,3.63636363636364,,,,,,,,,,,,
NTC,NTC,18.75061416525,46,15851,15897,NTC0,0,"",BCoV2,OK,DQ,Unknown,Unknown,One-Step RT-ddPCR Kit for Probes,FAM,68.18405151,,,4.495848656,2.51407218,0,0,0,0,,,,,,,,,4662.319824,,,,,,,,,,,,,,12163.02991,2955.067664,2981.712079,Rare Event Detection Experiment,,,,3.935766935,2.931987047,,,,,,,,,,,,,3.63636363636364,,,,,,,,,,,,
NTC,NTC,0,,,,NTC0,0,"",pMMoV_Vgp1,,,,,,,,,,,,,,,,,,,,,,,,,,,,,,,,,,,,,,,,,,,,,,,,,,,,,,,,,,,,,,,,,,,,,,,
NTC,NTC,0,,,,NTC0,0,"",pMMoV_Vgp1,,,,,,,,,,,,,,,,,,,,,,,,,,,,,,,,,,,,,,,,,,,,,,,,,,,,,,,,,,,,,,,,,,,,,,,
NTC,NTC,0,,,,NTC0,0,"",pMMoV_Vgp1,,,,,,,,,,,,,,,,,,,,,,,,,,,,,,,,,,,,,,,,,,,,,,,,,,,,,,,,,,,,,,,,,,,,,,,
HA,DI,1.51251808588814,,,,HADI1,DI1,1,pMMoV_Vgp1,,,,,,,,,,,,,,,,,,,,,,,,,,,,,,,,,,,,,,,,,,,,,,,,,,,,,,,,,,,,,,,,,,,,,,,34.3918190002441
D,DI,0,,,,DDI1,DI1,1,pMMoV_Vgp1,,,,,,,,,,,,,,,,,,,,,,,,,,,,,,,,,,,,,,,,,,,,,,,,,,,,,,,,,,,,,,,,,,,,,,,
UF,DI,0,,,,UFDI1,DI1,1,pMMoV_Vgp1,,,,,,,,,,,,,,,,,,,,,,,,,,,,,,,,,,,,,,,,,,,,,,,,,,,,,,,,,,,,,,,,,,,,,,,
HA,DI,0.479749963335508,,,,HADI2,DI2,2,pMMoV_Vgp1,,,,,,,,,,,,,,,,,,,,,,,,,,,,,,,,,,,,,,,,,,,,,,,,,,,,,,,,,,,,,,,,,,,,,,,35.9726524353027
D,DI,0,,,,DDI2,DI2,2,pMMoV_Vgp1,,,,,,,,,,,,,,,,,,,,,,,,,,,,,,,,,,,,,,,,,,,,,,,,,,,,,,,,,,,,,,,,,,,,,,,
UF,DI,0,,,,UFDI2,DI2,2,pMMoV_Vgp1,,,,,,,,,,,,,,,,,,,,,,,,,,,,,,,,,,,,,,,,,,,,,,,,,,,,,,,,,,,,,,,,,,,,,,,
HA,DI,0.115036119833972,,,,HADI3,DI3,3,pMMoV_Vgp1,,,,,,,,,,,,,,,,,,,,,,,,,,,,,,,,,,,,,,,,,,,,,,,,,,,,,,,,,,,,,,,,,,,,,,,37.9386253356934
D,DI,0,,,,DDI3,DI3,3,pMMoV_Vgp1,,,,,,,,,,,,,,,,,,,,,,,,,,,,,,,,,,,,,,,,,,,,,,,,,,,,,,,,,,,,,,,,,,,,,,,
UF,DI,0,,,,UFDI3,DI3,3,pMMoV_Vgp1,,,,,,,,,,,,,,,,,,,,,,,,,,,,,,,,,,,,,,,,,,,,,,,,,,,,,,,,,,,,,,,,,,,,,,,
NTC,NTC,0,,,,NTC0,0,"",pMMoV_Vgp1,,,,,,,,,,,,,,,,,,,,,,,,,,,,,,,,,,,,,,,,,,,,,,,,,,,,,,,,,,,,,,,,,,,,,,,
NTC,NTC,0,,,,NTC0,0,"",pMMoV_Vgp1,,,,,,,,,,,,,,,,,,,,,,,,,,,,,,,,,,,,,,,,,,,,,,,,,,,,,,,,,,,,,,,,,,,,,,,
E,DI,0,,,,EDI1,DI1,1,pMMoV_Vgp1,,,,,,,,,,,,,,,,,,,,,,,,,,,,,,,,,,,,,,,,,,,,,,,,,,,,,,,,,,,,,,,,,,,,,,,
PEG,DI,0,,,,PEGDI1,DI1,1,pMMoV_Vgp1,,,,,,,,,,,,,,,,,,,,,,,,,,,,,,,,,,,,,,,,,,,,,,,,,,,,,,,,,,,,,,,,,,,,,,,
E,DI,0,,,,EDI2,DI2,2,pMMoV_Vgp1,,,,,,,,,,,,,,,,,,,,,,,,,,,,,,,,,,,,,,,,,,,,,,,,,,,,,,,,,,,,,,,,,,,,,,,
E,DI,0,,,,EDI3,DI3,3,pMMoV_Vgp1,,,,,,,,,,,,,,,,,,,,,,,,,,,,,,,,,,,,,,,,,,,,,,,,,,,,,,,,,,,,,,,,,,,,,,,
PEG,DI,0,,,,PEGDI3,DI3,3,pMMoV_Vgp1,,,,,,,,,,,,,,,,,,,,,,,,,,,,,,,,,,,,,,,,,,,,,,,,,,,,,,,,,,,,,,,,,,,,,,,
